GEOID,perc_rental_housing_2017
17031010100,83.8078292
17031010201,70.7490637
17031010202,73.1557377
17031010300,69.2488263
17031010400,81.5508021
17031010501,87.9471891
17031010502,81.461794
17031010503,80.9342231
17031010600,78.9508854
17031010701,51.3071895
17031010702,77.0131772
17031020100,53.4867503
17031020200,24.8605948
17031020301,27.4282838
17031020302,43.7426901
17031020400,48.5943775
17031020500,73.5074627
17031020601,58.3291394
17031020602,59.7262248
17031020701,41.6260163
17031020702,65.1874192
17031020801,62.1810905
17031020802,61.2961296
17031020901,72.2543353
17031020902,44.1157961
17031030101,65.6779661
17031030102,61.1141754
17031030103,74.4994731
17031030104,61.1220472
17031030200,50.8736286
17031030300,68.7457162
17031030400,57.8065499
17031030500,52.7234637
17031030601,69.5134062
17031030603,93.9804364
17031030604,74.9501992
17031030701,81.2917595
17031030702,42.24
17031030703,74.5853081
17031030706,59.4812478
17031030800,51.108871
17031030900,60.5227882
17031031000,62.2900763
17031031100,76.1427949
17031031200,75.5639098
17031031300,68.5041282
17031031400,47.3922902
17031031501,82.4887387
17031031502,89.9111111
17031031700,71.1610487
17031031800,56.517094
17031031900,66.6931638
17031032100,73.812038
17031040100,49.7185741
17031040201,61.5461847
17031040202,63.8542018
17031040300,27.8962002
17031040401,44.9886963
17031040402,61.0730133
17031040600,62.6852659
17031040700,55.1994768
17031040800,58.7421384
17031040900,64.7058824
17031050100,57.3843416
17031050200,43.215859
17031050300,64.7769517
17031050500,49.7745717
17031050600,48.4903934
17031050700,30.1186944
17031050800,51.1904762
17031050900,57.2402044
17031051000,42.7027027
17031051100,42.3913043
17031051200,59.5993322
17031051300,28.4444444
17031051400,42.9479034
17031060100,52.3227384
17031060200,70.9123758
17031060300,47.5036711
17031060400,53.4024627
17031060500,77.6280323
17031060800,47.0052083
17031060900,61.1513859
17031061000,72.7365209
17031061100,63.3223684
17031061200,63.3375474
17031061500,68.9912827
17031061800,74.301676
17031061901,69.3021201
17031061902,69.0222985
17031062000,66.1498708
17031062100,66.5553701
17031062200,58.4313725
17031062300,50.2816901
17031062400,51.1177347
17031062500,51.1888112
17031062600,35.2941176
17031062700,48.0804388
17031062800,49.9013807
17031062900,60.7853685
17031063000,63.7630662
17031063100,65.2337858
17031063200,64.9347568
17031063301,85.1893725
17031063302,68.9434365
17031063303,59.3913956
17031063400,63.9455782
17031070101,60.3080569
17031070102,74.9470339
17031070103,87.5423729
17031070200,65.4744163
17031070300,61.1281422
17031070400,60.703076
17031070500,44.0213252
17031070600,29.6067849
17031070700,51.9066591
17031071000,50.6243996
17031071100,53.5545024
17031071200,52.1367521
17031071300,52.9510022
17031071400,62.8811777
17031071500,66.0732984
17031071600,42.0027816
17031071700,41.1202186
17031071800,38.3903793
17031080100,55.3789731
17031080201,47.841256
17031080202,43.6714542
17031080300,50.3316139
17031080400,70.0881286
17031081000,87.4075685
17031081100,80.4770642
17031081201,52.1962938
17031081202,26.001128
17031081300,36.5012107
17031081401,47.9685452
17031081402,56.0853618
17031081403,68.7249092
17031081500,57.93601
17031081600,71.6370809
17031081700,75.2069536
17031081800,43.713936
17031081900,44.3099274
17031090100,14.2857143
17031090200,25.3270349
17031090300,20.9072978
17031100100,33.6656094
17031100200,29.4661922
17031100300,33.7070254
17031100400,4.6736503
17031100500,9.3121198
17031100600,20.9153805
17031100700,10.0555556
17031110100,43.8755981
17031110200,49.8384491
17031110300,16.6497976
17031110400,34.1503268
17031110501,24.7990815
17031110502,59.4448206
17031120100,5.5594163
17031120200,16.1704612
17031120300,7.3170732
17031120400,17.1701113
17031130100,51.7829457
17031130200,26.7371601
17031130300,54.5866365
17031140100,74.5115453
17031140200,77.9174147
17031140301,70.2842377
17031140302,52.4072612
17031140400,36.4473684
17031140500,43.9465409
17031140601,59.3681917
17031140602,71.1139081
17031140701,71.471173
17031140702,66.7475728
17031140800,50.6538462
17031150200,48.3176312
17031150300,47.1748579
17031150401,42.6283821
17031150402,28.0952381
17031150501,23.7430168
17031150502,38.5790173
17031150600,31.5328467
17031150700,33.1750339
17031150800,52.6408451
17031151001,52.9411765
17031151002,52.0287958
17031151100,56.4204545
17031151200,27.2801972
17031160100,47.7801268
17031160200,37.3397436
17031160300,61.4308768
17031160400,51.6878805
17031160501,58.9368259
17031160502,56.8992248
17031160601,55.0188679
17031160602,60.6375606
17031160700,51.266104
17031160800,61.161915
17031160900,43.7977099
17031161000,46.6007417
17031161100,27.077748
17031161200,38.0549683
17031161300,62.8214548
17031170100,27.6985743
17031170200,23.5294118
17031170300,34.4155844
17031170400,25.0494397
17031170500,26.0432378
17031170600,18.7057634
17031170700,16.3304515
17031170800,24.7893258
17031170900,33.5375191
17031171000,27.6571856
17031171100,27.5396825
17031180100,21.4899713
17031190100,67.8398058
17031190200,41.0940627
17031190300,50.838635
17031190401,31.5235008
17031190402,39.1941392
17031190601,46.5155332
17031190602,30.5084746
17031190701,61.9230769
17031190702,70.013947
17031190800,57.5037147
17031190900,60.0890208
17031191000,38.108484
17031191100,46.3231616
17031191200,61.2348178
17031191301,60.4832978
17031191302,50.6859206
17031200100,47.4302496
17031200200,57.5814536
17031200300,59.2982456
17031200401,53.6893204
17031200402,48.1586402
17031210100,59.9118943
17031210400,54.2827657
17031210501,79.0143084
17031210502,71.388695
17031210601,55.5913978
17031210602,60.7047872
17031210700,63.7162586
17031210800,60.5820106
17031210900,65.4560811
17031220300,57.0801317
17031220400,60.6617647
17031220500,57.4521232
17031220601,69.5526696
17031220602,75.2308984
17031220701,61.0576923
17031220702,67.1328671
17031220901,68.1632653
17031220902,63.4171908
17031221000,62.4141315
17031221100,68.9161554
17031221200,63.5634029
17031221300,80.4765565
17031221400,57.8668684
17031221500,72.0173536
17031221600,47.0715835
17031222200,50.2844141
17031222500,67.0634921
17031222600,65.356623
17031222700,71.1084906
17031222800,76.1764706
17031222900,44.6666667
17031230100,75.6756757
17031230200,72.4436742
17031230300,67.6806084
17031230400,49.7076023
17031230500,75
17031230600,75.3151261
17031230700,56.5083282
17031230800,41.6184971
17031230900,72.8165939
17031231100,56.0773481
17031231200,68.2417582
17031231500,61.3043478
17031240200,49.1183879
17031240300,50.4215852
17031240500,25.4932912
17031240600,42.0967742
17031240700,65.62986
17031240800,67.1383648
17031240900,74.5526839
17031241000,71.5686275
17031241100,69.5958948
17031241200,66.7590028
17031241300,57.3281453
17031241400,70.008285
17031241500,59.5397179
17031241600,74.6898263
17031242000,73.7688442
17031242100,51.6206483
17031242200,64.281455
17031242300,58.2536648
17031242400,70.8759124
17031242500,64.5244216
17031242600,69.5340502
17031242700,80
17031242800,38.4359401
17031242900,66.3682864
17031243000,63.9344262
17031243100,42.5142857
17031243200,64.8706897
17031243300,59.2760181
17031243400,46.7581998
17031243500,56.1791383
17031250200,41.3436693
17031250300,60.9498681
17031250400,48.6956522
17031250500,27.2077226
17031250600,31.116208
17031250700,63.3761106
17031250800,43.3503836
17031251000,39.2857143
17031251100,68.8569473
17031251200,43.6997319
17031251300,49.3112948
17031251400,73.2476636
17031251500,73.2193732
17031251600,63.0799605
17031251700,53.0898876
17031251800,87.9680786
17031251900,72.9544035
17031252000,79.0172643
17031252101,75.3378378
17031252102,55.4907677
17031252201,63.8124363
17031252202,77.2462831
17031260100,88.7661142
17031260200,62.3626374
17031260300,77.2222222
17031260400,77.8337531
17031260500,77.8210117
17031260600,66.536965
17031260700,65.4121864
17031260800,77.2413793
17031260900,68.6781609
17031261000,73.7991266
17031270500,92.2204214
17031271200,85.5555556
17031271300,75
17031271400,84.3478261
17031271500,67.99117
17031271800,87.7934272
17031280100,61.9036316
17031280400,89.3039049
17031280800,77.0083102
17031280900,81.3370474
17031281900,75.7246377
17031282700,50.1940492
17031282800,65.8950617
17031283100,84.4311377
17031283200,54.8338369
17031283800,63.6523782
17031290900,66.8841762
17031291200,83.5164835
17031291600,63.8655462
17031292200,64.8363252
17031292400,72.2910217
17031292500,62.3563218
17031300500,68.2297773
17031300600,53.2520325
17031300700,68.8586546
17031300800,67.4524025
17031300900,81.9607843
17031301100,71.7336683
17031301200,74.1412214
17031301600,54.1602465
17031301701,69.2232055
17031301702,53.0593607
17031301801,62.7432808
17031301802,64.3518519
17031301803,61.3787991
17031310200,66.0377358
17031310300,71.1988304
17031310400,63.3528265
17031310500,70.9163347
17031310600,74.8846745
17031310700,74.0594059
17031310800,73.1836196
17031310900,66.9736034
17031320100,58.6167943
17031320400,38.030303
17031320600,63.0563798
17031330100,46.1405739
17031330200,45.984252
17031340300,49.9245852
17031340400,58.6583463
17031340500,76.3414634
17031340600,98.7893462
17031350100,99.4677312
17031350400,100
17031351000,90.7494647
17031351100,92.4829157
17031351400,89.2810458
17031351500,86
17031360200,95.0226244
17031380100,78.2089552
17031380200,88.034188
17031380500,100
17031380700,89.2201835
17031381200,68.4414327
17031381400,73.0654762
17031381500,84.8
17031381700,#DIV/0!
17031381800,82.6815642
17031381900,63.099631
17031390100,56.1889251
17031390200,44.9704142
17031390300,89.0896456
17031390400,76.6550523
17031390500,73.0027548
17031390600,53.5329341
17031390700,64.2226955
17031400300,82.278481
17031400400,78.4285714
17031400500,84.9350649
17031400800,95.8143767
17031410100,76.222597
17031410200,85.2807284
17031410500,71.8776551
17031410600,65.5844156
17031410700,71.5725806
17031410800,71.5332926
17031410900,58.5351447
17031411000,49.2248062
17031411100,47.9665072
17031411200,49.7340426
17031420100,94.1891892
17031420200,70.178282
17031420300,76.3118441
17031420400,87.3546512
17031420500,81.7490494
17031420600,85.3101197
17031420700,82.9716194
17031420800,78.8944724
17031421200,67.16141
17031430101,86.0594796
17031430102,86.1065349
17031430200,82.9008932
17031430300,86.5168539
17031430400,78.3758263
17031430500,87.6903553
17031430600,64.3678161
17031430700,87.7680699
17031430800,60
17031430900,63.0841121
17031431200,37.7272727
17031431301,81.037415
17031431302,85.9172329
17031431400,86.8471338
17031440101,96.6442953
17031440102,84.085213
17031440201,80.859375
17031440202,58.3129584
17031440300,37.7386935
17031440600,13.2731959
17031440700,29.5665635
17031440800,72.303207
17031440900,53.5152151
17031450300,32.0352682
17031460100,60.2714932
17031460200,61.7964072
17031460301,53.5152151
17031460302,65.5371901
17031460400,58.0188679
17031460500,46.1747397
17031460600,60
17031460700,74.7451869
17031461000,90.6439854
17031470100,53.2642487
17031480100,21.0466439
17031480200,51.9379845
17031480300,46.9387755
17031480400,13.6036036
17031480500,30.5282005
17031490300,35.483871
17031490400,38.8888889
17031490500,32.6474623
17031490600,22.7272727
17031490700,29.5324971
17031490800,31.7515701
17031490901,64.084507
17031490902,40.2770652
17031491000,47.822374
17031491100,26.3888889
17031491200,33.4293948
17031491300,52.3659306
17031491400,75.6637168
17031500100,53.4526854
17031500200,69.3670886
17031500300,45.6790123
17031510100,37.6753507
17031510200,23.2177264
17031510300,40.1709402
17031520100,39.9624765
17031520200,60.1412714
17031520300,29.8297123
17031520400,33.4661355
17031520500,24.4230769
17031520600,18.227216
17031530100,56.0526316
17031530200,50.764526
17031530300,24.0026161
17031530400,16.3661581
17031530501,43.0573248
17031530502,18.0392157
17031530503,28.4916201
17031530600,57.8835979
17031540101,93.2707355
17031540102,86.6956522
17031550100,34.8305431
17031550200,10.5714286
17031560100,27.4924471
17031560200,17.3333333
17031560300,11.6788321
17031560400,8.9912281
17031560700,42.3243712
17031560800,22.8504673
17031560900,12.6182965
17031561000,15.9250585
17031561100,7.2456047
17031570100,38.7012987
17031570200,25.7191201
17031570300,45.5035971
17031570400,61.1428571
17031570500,55.6771546
17031580100,43.2
17031580200,46.3963964
17031580300,46.7248908
17031580400,45.6931359
17031580501,57.577955
17031580502,50.5486467
17031580600,49.3238434
17031580700,49.1153142
17031580800,62
17031590500,45.9580838
17031590600,44.6491228
17031590700,60.2865916
17031600400,60.1863354
17031600600,55.2104208
17031600700,61.9666048
17031600900,59.9855282
17031610300,64.5634162
17031610400,81.5834768
17031610800,48.6238532
17031611000,68.5810811
17031611100,70.8724832
17031611200,75.9887006
17031611300,67.3543689
17031611400,67.8571429
17031611500,74.4612069
17031611600,50.8264463
17031611700,61.0778443
17031611800,68.7600644
17031611900,61.0169492
17031612000,57.1759259
17031612100,57.6
17031620100,25.0830565
17031620200,34.6994536
17031620300,32.3632715
17031620400,22.3509934
17031630100,57.400722
17031630200,60.5902778
17031630300,45.1012146
17031630400,47.5672582
17031630500,44.717608
17031630800,41.4717627
17031630900,44.4354184
17031640100,55.1724138
17031640300,31.0580205
17031640400,18.8381743
17031640500,22.1059972
17031640600,50.3279666
17031640700,23.7272727
17031640800,29.2910448
17031650100,45.2736318
17031650200,38.4540593
17031650301,21.3125406
17031650302,20.9366391
17031650400,24.1758242
17031650500,22.0760234
17031660301,70.2276708
17031660302,64.0549828
17031660400,38.0787837
17031660500,55.1908397
17031660600,67.9741807
17031660700,49.3527508
17031660800,62.6065773
17031660900,70.901034
17031661000,47.8118162
17031661100,32.8730749
17031670100,56.8062827
17031670200,47.5218659
17031670300,55.8024691
17031670400,51.0679612
17031670500,51.6759777
17031670600,41.0187668
17031670700,48.9637306
17031670800,65.6370656
17031670900,47.4541752
17031671100,66.9811321
17031671200,70.7792208
17031671300,57.0957096
17031671400,43.0131004
17031671500,52.2041763
17031671600,69.9582754
17031671800,49.1176471
17031671900,29.5731707
17031672000,40.8821035
17031680500,60.7843137
17031680600,75.8354756
17031680900,89.1558442
17031681000,69.7829716
17031681100,85.6993737
17031681200,79.4964029
17031681300,68.3646113
17031681400,45.7330416
17031690300,90.3743316
17031690400,71.489665
17031690500,73.9263804
17031690900,68.4431138
17031691000,52.8462998
17031691100,68.2862191
17031691200,68.8617121
17031691300,46.9917012
17031691400,51.4423077
17031691500,71.9590269
17031700100,23.7222758
17031700200,15.6300703
17031700301,11.2529002
17031700302,14.7694104
17031700401,16.4781906
17031700402,12.3743233
17031700501,20.9775967
17031700502,6.9259962
17031710100,88.7473461
17031710200,71.3576159
17031710300,70.2247191
17031710400,48.4118291
17031710500,69.3506494
17031710600,68.4210526
17031710700,71.1309524
17031710800,60.6372045
17031710900,56.8627451
17031711000,53.6328872
17031711100,47.9915433
17031711200,37.4233129
17031711300,52.3642732
17031711400,40.4101327
17031711500,30.6551298
17031720100,10.9899329
17031720200,27.013931
17031720300,1.4393939
17031720400,5.112782
17031720500,8.3438685
17031720600,9.8705502
17031720700,50.9749304
17031730100,20.7207207
17031730201,54.9871023
17031730202,26.2820513
17031730300,39.6181384
17031730400,19.8177677
17031730500,21.6129032
17031730600,33.2012678
17031730700,19.8324022
17031740100,13.1190269
17031740200,8.7276551
17031740300,11.4849188
17031740400,26.0726073
17031750100,26.9662921
17031750200,25.7588187
17031750300,19.9573106
17031750400,22.4267782
17031750500,40.6804025
17031750600,35.0993377
17031760801,78.2485876
17031760802,26.0053619
17031760803,60.4617605
17031770201,52.1349121
17031770202,8.951049
17031770300,30.1374692
17031770400,42.7863436
17031770500,38.4823848
17031770601,6.6225166
17031770602,51.867995
17031770700,53.4923339
17031770800,33.9603457
17031770901,8.5064293
17031770902,22.299169
17031800100,5.107832
17031800200,6.5489013
17031800300,16.6110184
17031800400,9.1828794
17031800500,9.9637681
17031800600,7.7922078
17031800700,2.6190476
17031800800,11.2426036
17031800900,11.6232465
17031801000,17.8857448
17031801100,11.1668758
17031801200,5.3151101
17031801300,19.8136646
17031801400,8.3739046
17031801500,16.3541212
17031801601,14.9663677
17031801603,60.7446114
17031801605,4.194556
17031801606,13.0380276
17031801607,30.1477833
17031801608,22.5209497
17031801701,4.9382716
17031801702,12.4040165
17031801800,9.0638298
17031801901,17.7491601
17031801902,8.1896552
17031802002,6.6583696
17031802003,11.9677791
17031802004,37.9242499
17031802100,10.6863597
17031802200,16.3578613
17031802300,44.4137931
17031802402,32.4519231
17031802403,24.6958637
17031802404,37.4910394
17031802503,28.7701
17031802504,14.6568627
17031802505,57.9120427
17031802506,42.8039702
17031802605,20.9603926
17031802607,11.6
17031802608,11.8733509
17031802609,58.0814188
17031802610,7.6569678
17031802701,20.3405018
17031802702,19.7509904
17031802801,13.1680441
17031802802,12.0984564
17031802900,3.3490566
17031803005,30.3948577
17031803007,12.0879121
17031803008,11.9474313
17031803010,11.4402451
17031803012,46.3798531
17031803013,18.9548273
17031803014,33.481153
17031803015,23.3074935
17031803016,59.8442714
17031803017,43.3106576
17031803100,9.8360656
17031803200,17.2219818
17031803300,46.9896687
17031803400,13.5891648
17031803500,17.4345077
17031803603,13.3480176
17031803604,30.2493075
17031803605,21.7006541
17031803606,67.5009201
17031803607,7.2495849
17031803608,48.4137931
17031803610,37.5
17031803611,32.4719649
17031803612,74.2236025
17031803701,34.477721
17031803702,22.7045716
17031803800,17.067583
17031803901,13.0791789
17031803902,15.9908187
17031804000,15.2928979
17031804102,2.2873194
17031804104,14.8231331
17031804105,1.1119348
17031804106,13.1771596
17031804108,88.1416838
17031804109,20.5623902
17031804201,10.1160261
17031804202,18.3978536
17031804305,17.4589819
17031804306,16.5683962
17031804308,30.1126516
17031804309,14.4736842
17031804310,9.9424552
17031804311,14.4014733
17031804403,30.0040601
17031804404,9.8563969
17031804405,56.6829268
17031804406,18.4623166
17031804505,30.9879176
17031804506,8.5903084
17031804507,12.5847953
17031804508,47.4692202
17031804509,13.5034225
17031804510,39.5209581
17031804511,57.8481013
17031804603,72.3754789
17031804606,11.163522
17031804607,17.4872666
17031804608,16.2180814
17031804609,38.3059418
17031804610,23.1718062
17031804611,17.7435897
17031804701,49.9019992
17031804705,28.1088083
17031804706,6.2251656
17031804709,48.2215036
17031804710,16.5206508
17031804711,51.9096646
17031804712,26.4130435
17031804713,66.6830951
17031804714,13.9299611
17031804715,30.3930968
17031804716,16.8370415
17031804803,31.1069594
17031804804,28.7803001
17031804805,6.8910256
17031804806,24.863388
17031804807,16.6105499
17031804808,2.8473804
17031804809,7.8009415
17031804810,27.1112865
17031804901,9.8031338
17031804902,7.3275862
17031805001,8.5616438
17031805002,59.0007348
17031805105,46.7831612
17031805106,16.446281
17031805107,77.4888813
17031805108,62.9236423
17031805109,13.2850242
17031805110,28.3867632
17031805111,60.8394161
17031805112,32.6070039
17031805201,7.3451327
17031805202,28.2689913
17031805301,15.862069
17031805302,7.3243647
17031805401,18.2899628
17031805402,14.4585253
17031805501,32.718894
17031805502,11.7406143
17031805600,4.8322148
17031805701,19.7250132
17031805702,7.9343365
17031805801,8.9374379
17031805802,21.7177243
17031805901,28.1853282
17031805902,21.4975845
17031806001,61.302521
17031806002,36.7378049
17031806003,45.351313
17031806004,44.0590406
17031806102,13.9518414
17031806103,5.8365759
17031806104,66.0864683
17031806201,38.2867133
17031806202,38.4771162
17031806300,13.2275132
17031806400,12.5150421
17031806501,31.6761364
17031806502,14.2663962
17031806600,8.5943775
17031806700,4.4726302
17031806801,35.2011494
17031806802,37.7234243
17031806900,33.5740072
17031807000,52.6397516
17031807100,12.5420875
17031807200,11.335578
17031807300,38.723255
17031807400,42.9733394
17031807500,6.1808118
17031807600,11.3579001
17031807700,30.7728119
17031807800,8.9639115
17031807900,6.4374543
17031808001,8.7489779
17031808002,25.3873659
17031808100,21.5613383
17031808200,13.1995776
17031808301,15.6439067
17031808302,11.5655853
17031808400,4.5520231
17031808500,1.9425019
17031808600,12.5
17031808702,24.137931
17031808800,25.6448047
17031808900,15.6062425
17031809000,18.6339523
17031809100,27.8688525
17031809200,55.6533514
17031809300,64.6990064
17031809400,58.0679785
17031809500,54.7474747
17031809600,31.4671815
17031809700,27.8431373
17031809800,52.9693487
17031809900,41.1222137
17031810000,54.0181956
17031810100,60.8717187
17031810200,54.2913386
17031810301,26.1496225
17031810302,34.1113106
17031810400,9.7402597
17031810501,14.0852671
17031810502,27.5416891
17031810600,43.4946237
17031810701,49.006978
17031810702,54.3046358
17031810800,17.3177843
17031810900,36.7670365
17031811000,8.0122324
17031811100,49.5595557
17031811200,20.1570681
17031811301,18.212824
17031811302,60.1195559
17031811401,26.5521064
17031811402,23.1457801
17031811500,19.1836735
17031811600,37.3462214
17031811701,60.0989283
17031811702,32.8304164
17031811800,17.239011
17031811900,11.8522602
17031812000,13.8902148
17031812100,21.8238994
17031812200,9.7372488
17031812301,63.3333333
17031812302,22.8160329
17031812400,12.221231
17031812500,59.509609
17031812600,64.6311971
17031812700,51.1912428
17031812801,61.6477273
17031812802,61.823573
17031812900,26.9121813
17031813000,32.7272727
17031813100,36.9932432
17031813200,29.0675241
17031813301,68.1557847
17031813302,59.0042373
17031813400,47.9645094
17031813500,56.4048498
17031813600,55.3041018
17031813701,61.4173228
17031813702,62.3134328
17031813801,50.334672
17031813802,60.9722222
17031813900,52.1792511
17031814000,41.9494585
17031814100,59.1928251
17031814200,57.2589382
17031814300,48.3969466
17031814400,39.5452519
17031814500,24.6735395
17031814600,36.5070093
17031814700,29.458308
17031814800,40.9159537
17031814900,68.2800346
17031815000,54.9261084
17031815100,33.0940989
17031815200,42.0349908
17031815300,26.798419
17031815400,52.9995042
17031815500,27.6367962
17031815600,24.700988
17031815701,12.6814362
17031815702,31.4147391
17031815800,22.7979275
17031815900,57.0233531
17031816000,55.3312303
17031816100,38.4948779
17031816200,34.0369393
17031816300,32.5732899
17031816401,66.3220089
17031816402,63.539823
17031816500,49.7674419
17031816600,43.9157566
17031816700,39.9239544
17031816800,22.3739496
17031816900,23.1597846
17031817000,25.3704801
17031817101,40.9090909
17031817102,23.9089184
17031817200,48.4364604
17031817300,47.0108696
17031817400,33.7950139
17031817500,59.1190108
17031817600,40.637776
17031817700,11.4373089
17031817900,35.7779579
17031818000,35.718933
17031818100,7.3198198
17031818200,16.2162162
17031818300,35.1325301
17031818401,16.6666667
17031818402,27.9909707
17031818500,8.6885246
17031818600,33.1564987
17031818700,13.6986301
17031818800,14.2583732
17031818900,39.1184573
17031819000,15.5903457
17031819100,52.2271715
17031819200,27.9906542
17031819300,16.9199595
17031819400,36.0102302
17031819500,34.5752608
17031819600,10.2074689
17031819700,5.0997783
17031819801,7.2455434
17031819802,2.0964361
17031819900,3.1886625
17031820000,12.6139818
17031820101,9.2318788
17031820103,32.3508772
17031820104,23.6474164
17031820201,14.6624167
17031820202,33.9427663
17031820300,40.1808786
17031820400,54.5623836
17031820501,18.375059
17031820502,25.6907701
17031820603,24.4686649
17031820604,56.2932227
17031820605,76.0454002
17031820606,22.107438
17031820700,34.1834452
17031820800,15.2301255
17031820901,35.3588266
17031820902,14.4137931
17031821001,34.114744
17031821002,11.9546742
17031821101,16.8923735
17031821102,18.1245075
17031821200,49.7389034
17031821300,50.0231589
17031821401,42.4929178
17031821402,26.9175109
17031821500,61.6459627
17031821600,23.8572323
17031821700,17.7867903
17031821800,25.854156
17031821900,16.3434903
17031822000,21.097496
17031822101,19.5416164
17031822102,26.0683761
17031822200,9.7809077
17031822301,10.2788845
17031822302,30.3548796
17031822400,33.5143139
17031822500,22.5396825
17031822601,6.9411765
17031822602,27.8014184
17031822701,20.8610969
17031822702,23.4625668
17031822801,23.6625514
17031822802,9.3603744
17031822900,24.3410853
17031823001,54.9805951
17031823002,38.4945212
17031823101,30.6199123
17031823102,32.5281804
17031823200,10.1273148
17031823302,59.6597813
17031823303,26.006192
17031823304,39.9828031
17031823400,36.0064586
17031823500,47.6025419
17031823602,21.6216216
17031823603,46.2264151
17031823604,6.1019383
17031823605,14.9967679
17031823702,42.1363816
17031823703,31.6690442
17031823704,6.5524944
17031823705,39.162844
17031823801,15.171218
17031823803,11.0229645
17031823805,4.0531097
17031823806,38.3458647
17031823901,6.4016173
17031823903,6.2996942
17031823904,1.7758726
17031824003,16.4634146
17031824004,35.4326923
17031824005,12.8334172
17031824006,12.0962199
17031824105,4.7891936
17031824106,10.6925419
17031824107,7.031857
17031824108,22.1840397
17031824113,0.5529562
17031824114,7.3000537
17031824115,18.1564246
17031824116,42.6470588
17031824117,2.8062764
17031824119,4
17031824120,2.7965852
17031824121,7.3371805
17031824122,6.6724815
17031824123,20.1446655
17031824300,48.3672212
17031824400,52.2883295
17031824503,11.7456197
17031824505,30.8235294
17031824506,12.5193199
17031824507,26.9230769
17031824601,17.4082314
17031824602,24.1709948
17031824701,25.8741259
17031824702,22.6778656
17031824800,32.6032013
17031824900,35.7017544
17031825000,40.0797607
17031825200,8.9051095
17031825302,37.3799127
17031825303,37.6547231
17031825304,20.4841713
17031825400,27.6243094
17031825501,38.7584768
17031825503,21.0302091
17031825504,51.8918919
17031825505,22.8902372
17031825600,29.1808874
17031825700,39.2779783
17031825801,54.7322084
17031825802,39.4651913
17031825803,49.7650577
17031825900,41.11986
17031826000,60.2534562
17031826100,43.3381433
17031826201,54.135737
17031826202,29.8218029
17031826301,27.5017999
17031826303,30.6901615
17031826304,45.6822107
17031826401,42.1524664
17031826402,28.7738755
17031826500,35.6087621
17031826600,48.4333035
17031826700,60.5691057
17031826800,47.4160207
17031826901,52.0917679
17031826902,54.2105263
17031827000,45.7358491
17031827100,61.2727273
17031827200,37.966805
17031827300,60.3791469
17031827400,50.7540603
17031827500,46.9518717
17031827600,33.0651649
17031827700,42.5079702
17031827801,19.534282
17031827802,10.9815355
17031827804,9.1231178
17031827805,7.5144509
17031827901,8.7924971
17031827902,38.2675439
17031828000,35.7740586
17031828100,22.025974
17031828201,36.4787112
17031828202,35.5297839
17031828300,24.893617
17031828401,32.125769
17031828402,37.1348315
17031828503,39.1630231
17031828504,51.1312217
17031828505,30.4916733
17031828506,17.4526789
17031828601,16.530484
17031828602,11.1038537
17031828701,28.6936236
17031828702,33.3146067
17031828801,10.0818833
17031828802,16.2291169
17031828900,56.4735945
17031829000,70.2173913
17031829100,54.4708778
17031829200,37.5581997
17031829301,9.2917479
17031829302,70.9475333
17031829401,21.446384
17031829402,26.9406393
17031829500,26.0445682
17031829600,19.2246835
17031829700,47.5722188
17031829800,13.8052405
17031829901,10.9283524
17031829902,19.525268
17031830001,8.8034188
17031830003,17.9248935
17031830004,16.1962657
17031830005,18.0869565
17031830006,29.8907646
17031830007,50.1152074
17031830008,10.1752022
17031830100,18.1377304
17031830201,61.7864924
17031830202,22.0919748
17031830300,64.3042351
17031830400,30.8038585
17031830500,37.0335821
17031830600,74.8929336
17031830700,66.7435159
17031830800,80.8585503
17031830900,45.9983832
17031831000,37.8277154
17031831100,58.4801762
17031831200,61.9217082
17031831300,53.5612536
17031831400,58.8417787
17031831500,35.8995816
17031831600,51.7783292
17031831700,48.4693878
17031831800,54.7652255
17031831900,58.2208102
17031832000,59.2457421
17031832100,72.7009832
17031832200,66.9142471
17031832300,57.752809
17031832400,46.1022632
17031832500,52.0198441
17031832600,48.5781991
17031832900,64.7316539
17031833000,61.1747851
17031833100,37.1204188
17031833300,63.4174312
17031833900,68.4625493
17031834000,83.4418605
17031834200,66.1399549
17031834300,35.0019708
17031834400,63.4045077
17031834500,84.6481876
17031834600,78.1837161
17031834700,81.0283688
17031834800,75.1145038
17031834900,68.9243028
17031835000,65.6732304
17031835100,36.5727003
17031835200,42.6517572
17031835500,71.2250712
17031835600,58.0174927
17031835700,100
17031835800,60.7313196
17031835900,83.1177672
17031836000,46.1783439
17031836100,86.4064603
17031836200,54.0983607
17031836300,61.1445783
17031836400,73.6972705
17031836500,95.599393
17031836600,63.7820513
17031836700,73.3650416
17031836800,80.7692308
17031836900,77.1428571
17031837000,74.5046235
17031837100,68.7002653
17031837300,65.4205607
17031837400,80.8510638
17031837800,80.8232932
17031838000,77.5344688
17031838100,86.3895681
17031838200,60
17031838300,76.71875
17031838600,94.4785276
17031838700,84.0848806
17031838800,63.3060854
17031839000,59.5550847
17031839100,68.4210526
17031839200,66.7842031
17031839500,57.1218796
17031839600,55.4140127
17031839700,52.6315789
17031839800,61.5911035
17031839900,45.6150028
17031840000,35.5223881
17031840100,64.8330059
17031840200,38.1127451
17031840300,35.1535836
17031840400,41.6737109
17031840700,65.9981768
17031840800,64.9079755
17031841000,47.9768786
17031841100,57.740113
17031841200,77.5782155
17031841300,57.6766304
17031841400,58.6466165
17031841500,77.9193206
17031841600,82.3045267
17031841700,80.6267806
17031841800,56.1105207
17031841900,41.0179641
17031842000,17.9063361
17031842100,48.8652825
17031842200,69.0140845
17031842300,44.9146758
17031842400,30.6666667
17031842500,91.3642053
17031842600,46.5051903
17031842800,54.2688911
17031842900,84.2334495
17031843000,87.9957128
17031843100,76.2376238
17031843200,71.1656442
17031843300,74.717833
17031843400,59.6412556
17031843500,57.6666667
17031843600,85.5095541
17031843700,37.694704
17031843800,48.0952381
17031843900,70.412595
17031980000,#DIV/0!
17031980100,#DIV/0!
17031990000,#DIV/0!