zipcode,male_2015,white_2015,median_age_2015
60002,0.52,0.93,40.60
60004,0.48,0.85,41.80
60005,0.50,0.84,42.50
60007,0.49,0.82,42.80
60008,0.48,0.71,37.20
60010,0.48,0.88,47.30
60012,0.49,0.96,45.90
60013,0.51,0.91,41.10
60014,0.49,0.93,38.60
60015,0.48,0.91,42.90
60016,0.50,0.67,40.10
60018,0.53,0.71,39.00
60020,0.49,0.91,40.90
60021,0.49,0.91,35.40
60022,0.51,0.95,44.00
60025,0.47,0.81,44.50
60026,0.48,0.78,45.00
60029,0.55,0.95,42.00
60030,0.49,0.87,40.20
60031,0.49,0.75,38.70
60033,0.51,0.83,32.30
60034,0.49,0.92,43.40
60035,0.50,0.93,45.80
60040,0.49,0.89,36.50
60041,0.50,0.92,41.40
60042,0.49,0.92,37.30
60043,0.50,0.95,42.50
60044,0.46,0.87,44.10
60045,0.49,0.92,46.30
60046,0.50,0.89,38.80
60047,0.50,0.86,42.50
60048,0.49,0.91,44.90
60050,0.50,0.92,39.50
60051,0.50,0.93,39.00
60053,0.48,0.62,45.20
60056,0.50,0.74,39.30
60060,0.50,0.84,37.50
60061,0.50,0.70,38.10
60062,0.48,0.83,48.30
60064,0.49,0.43,28.90
60067,0.49,0.79,43.30
60068,0.48,0.92,44.80
60069,0.47,0.88,52.40
60070,0.49,0.76,37.40
60071,0.51,0.95,45.40
60072,0.47,0.94,40.20
60073,0.51,0.82,31.60
60074,0.50,0.65,34.20
60076,0.49,0.62,45.30
60077,0.45,0.59,41.90
60081,0.51,0.98,42.20
60083,0.49,0.68,39.90
60084,0.51,0.91,38.30
60085,0.50,0.66,29.90
60087,0.49,0.66,35.60
60088,0.73,0.72,21.30
60089,0.49,0.77,42.70
60090,0.49,0.67,36.50
60091,0.50,0.83,43.60
60093,0.50,0.91,43.50
60096,0.48,0.95,41.30
60097,0.57,0.96,38.00
60098,0.50,0.90,38.70
60099,0.48,0.60,33.50
60101,0.49,0.83,34.10
60102,0.49,0.90,40.10
60103,0.51,0.77,39.20
60104,0.47,0.14,36.80
60106,0.49,0.78,35.50
60107,0.51,0.60,36.60
60108,0.47,0.80,43.70
60109,0.46,0.99,41.80
60110,0.51,0.63,30.20
60111,0.49,1.00,63.60
60112,0.49,0.88,29.30
60113,0.46,0.98,39.70
60115,0.49,0.73,24.40
60118,0.52,0.88,43.80
60119,0.49,0.97,42.10
60120,0.50,0.60,31.80
60123,0.50,0.69,34.20
60124,0.50,0.76,39.40
60126,0.49,0.90,40.20
60129,0.49,1.00,38.30
60130,0.47,0.56,39.80
60131,0.48,0.78,39.20
60133,0.51,0.51,33.80
60134,0.50,0.93,41.20
60135,0.51,0.97,40.20
60136,0.52,0.71,32.30
60137,0.49,0.87,41.60
60139,0.52,0.60,33.20
60140,0.49,0.88,39.10
60141,1.00,0.54,65.00
60142,0.47,0.90,45.70
60143,0.50,0.89,41.40
60144,0.50,0.64,41.50
60145,0.52,0.95,36.80
60146,0.52,0.96,36.70
60148,0.49,0.81,40.50
60150,0.52,0.96,37.80
60151,0.51,0.97,41.50
60152,0.50,0.95,42.60
60153,0.47,0.15,34.20
60154,0.48,0.72,46.50
60155,0.52,0.22,44.60
60156,0.49,0.89,36.10
60157,0.49,0.94,42.80
60160,0.51,0.55,31.50
60162,0.47,0.37,40.30
60163,0.50,0.52,36.00
60164,0.50,0.68,35.30
60165,0.50,0.46,30.70
60169,0.49,0.56,34.90
60171,0.49,0.85,38.40
60172,0.48,0.84,38.80
60173,0.52,0.50,32.00
60174,0.47,0.88,43.20
60175,0.54,0.94,40.20
60176,0.51,0.76,37.10
60177,0.48,0.85,36.10
60178,0.48,0.90,37.90
60180,0.48,1.00,51.80
60181,0.51,0.77,36.50
60184,0.51,0.97,47.90
60185,0.52,0.85,33.80
60187,0.49,0.89,36.50
60188,0.50,0.75,38.00
60189,0.48,0.87,40.80
60190,0.51,0.92,45.60
60191,0.49,0.86,41.40
60192,0.49,0.66,41.90
60193,0.48,0.76,41.90
60194,0.47,0.62,37.90
60195,0.49,0.50,31.80
60201,0.49,0.69,31.00
60202,0.46,0.66,38.50
60203,0.48,0.74,42.30
60301,0.40,0.62,45.70
60302,0.47,0.68,39.50
60304,0.47,0.69,38.00
60305,0.48,0.82,41.60
60401,0.52,0.93,46.00
60402,0.49,0.67,35.20
60403,0.52,0.69,38.30
60404,0.46,0.83,38.70
60406,0.50,0.42,34.20
60407,0.52,0.97,35.30
60408,0.54,0.98,40.50
60409,0.45,0.21,36.10
60410,0.49,0.93,36.30
60411,0.48,0.35,33.80
60415,0.51,0.79,32.60
60416,0.48,0.96,34.80
60417,0.51,0.74,48.30
60419,0.46,0.07,36.40
60420,0.40,0.86,40.60
60421,0.51,0.95,42.20
60422,0.46,0.45,47.80
60423,0.49,0.91,41.00
60424,0.51,0.97,41.70
60425,0.50,0.26,42.80
60426,0.48,0.11,37.20
60428,0.45,0.14,37.20
60429,0.48,0.13,38.80
60430,0.47,0.52,42.10
60431,0.49,0.80,33.90
60432,0.51,0.50,30.00
60433,0.51,0.46,34.60
60435,0.48,0.69,35.60
60436,0.51,0.63,32.10
60437,0.49,1.00,52.30
60438,0.47,0.57,42.10
60439,0.48,0.95,43.00
60440,0.49,0.51,33.40
60441,0.51,0.87,36.20
60442,0.52,0.97,34.70
60443,0.46,0.22,41.10
60444,0.53,0.95,35.40
60445,0.49,0.83,39.00
60446,0.48,0.61,32.60
60447,0.49,0.93,33.60
60448,0.51,0.95,40.60
60449,0.49,0.84,42.10
60450,0.51,0.95,41.40
60451,0.49,0.93,38.30
60452,0.49,0.87,38.20
60453,0.49,0.85,41.00
60455,0.47,0.87,38.10
60456,0.39,0.93,41.00
60457,0.51,0.90,38.60
60458,0.47,0.70,31.60
60459,0.49,0.84,36.50
60460,0.51,0.99,43.50
60461,0.46,0.24,53.30
60462,0.47,0.88,45.30
60463,0.47,0.94,51.50
60464,0.46,0.92,52.20
60465,0.46,0.88,41.80
60466,0.46,0.29,35.80
60467,0.47,0.91,46.30
60468,0.53,0.99,40.70
60469,0.51,0.65,30.60
60470,0.50,1.00,42.80
60471,0.45,0.13,39.50
60472,0.54,0.05,38.70
60473,0.47,0.19,42.40
60474,0.53,0.99,38.30
60475,0.50,0.69,38.00
60476,0.46,0.85,40.30
60477,0.48,0.86,39.90
60478,0.49,0.13,38.10
60479,0.50,0.99,40.10
60480,0.46,0.88,45.10
60481,0.51,0.95,44.20
60482,0.51,0.92,36.40
60484,0.48,0.05,30.40
60487,0.49,0.87,38.00
60490,0.49,0.60,35.60
60491,0.50,0.97,44.90
60501,0.52,0.70,32.10
60502,0.49,0.68,34.90
60503,0.50,0.71,32.10
60504,0.47,0.66,33.00
60505,0.51,0.40,28.90
60506,0.49,0.61,33.80
60510,0.48,0.92,41.50
60511,0.53,0.95,45.80
60512,0.58,0.81,42.10
60513,0.46,0.90,39.30
60514,0.47,0.89,39.80
60515,0.48,0.90,42.50
60516,0.49,0.86,44.00
60517,0.50,0.72,38.00
60518,0.51,0.98,45.30
60519,0.18,1.00,18.40
60520,0.52,0.95,39.20
60521,0.48,0.88,41.70
60523,0.46,0.72,57.40
60525,0.49,0.90,43.20
60526,0.50,0.94,42.30
60527,0.48,0.71,44.10
60530,0.53,0.95,44.20
60531,0.51,0.99,46.50
60532,0.49,0.80,36.60
60534,0.53,0.87,36.10
60536,0.46,0.98,42.90
60537,0.55,1.00,38.90
60538,0.50,0.78,33.50
60539,0.82,0.70,56.70
60540,0.49,0.79,39.00
60541,0.51,0.96,39.20
60542,0.49,0.78,37.20
60543,0.49,0.85,36.30
60544,0.48,0.82,37.20
60545,0.49,0.83,32.30
60546,0.48,0.87,41.90
60548,0.48,0.95,39.00
60549,0.57,1.00,37.30
60550,0.50,0.94,37.80
60551,0.64,0.78,38.90
60552,0.55,0.96,45.00
60553,0.54,0.97,40.80
60554,0.52,0.90,41.90
60555,0.51,0.85,38.40
60556,0.48,0.97,35.70
60557,0.48,1.00,-
60558,0.48,0.98,43.20
60559,0.46,0.73,39.80
60560,0.51,0.88,34.70
60561,0.49,0.81,46.80
60563,0.49,0.74,36.40
60564,0.50,0.67,38.90
60565,0.48,0.75,41.40
60585,0.51,0.81,36.00
60586,0.49,0.78,31.10
60601,0.51,0.71,36.20
60602,0.50,0.85,25.90
60603,0.43,0.64,27.10
60604,0.56,0.70,46.40
60605,0.48,0.60,32.70
60606,0.51,0.77,31.50
60607,0.50,0.60,30.30
60608,0.55,0.47,31.70
60609,0.49,0.48,31.40
60610,0.45,0.74,33.10
60611,0.46,0.75,38.40
60612,0.49,0.25,30.50
60613,0.51,0.84,31.90
60614,0.50,0.86,30.10
60615,0.47,0.27,33.10
60616,0.48,0.27,36.00
60617,0.46,0.36,36.30
60618,0.50,0.81,33.50
60619,0.44,0.01,39.80
60620,0.44,0.02,39.60
60621,0.45,0.02,31.20
60622,0.52,0.75,31.30
60623,0.49,0.47,28.50
60624,0.47,0.03,28.80
60625,0.52,0.64,34.00
60626,0.50,0.60,34.40
60628,0.44,0.04,37.70
60629,0.49,0.35,30.40
60630,0.49,0.72,39.30
60631,0.48,0.92,43.50
60632,0.51,0.55,30.70
60633,0.51,0.68,36.90
60634,0.49,0.78,39.00
60636,0.48,0.02,34.30
60637,0.45,0.15,30.00
60638,0.48,0.74,37.70
60639,0.50,0.34,31.30
60640,0.51,0.62,37.40
60641,0.50,0.66,35.70
60642,0.50,0.75,31.50
60643,0.46,0.23,43.80
60644,0.45,0.03,32.70
60645,0.49,0.59,35.80
60646,0.48,0.84,43.80
60647,0.51,0.76,31.40
60649,0.43,0.03,37.70
60651,0.47,0.13,33.40
60652,0.49,0.28,36.20
60653,0.43,0.05,36.20
60654,0.46,0.78,32.50
60655,0.49,0.89,37.80
60656,0.49,0.83,40.10
60657,0.49,0.86,30.90
60659,0.52,0.55,34.30
60660,0.51,0.67,36.80
60661,0.50,0.62,31.00
60706,0.47,0.93,46.80
60707,0.47,0.72,37.80
60712,0.48,0.63,47.00
60714,0.46,0.77,49.50
60803,0.48,0.71,33.70
60804,0.51,0.45,28.50
60805,0.47,0.75,39.60
60827,0.46,0.05,31.00
60901,0.49,0.65,36.40
60910,0.52,0.91,38.20
60911,0.54,0.98,40.00
60912,0.53,0.79,30.70
60913,0.50,0.96,53.30
60914,0.48,0.84,33.40
60915,0.50,0.94,35.50
60917,0.51,0.99,34.50
60918,0.55,0.98,50.30
60919,0.54,0.98,38.20
60920,0.42,0.97,31.50
60921,0.51,0.96,43.80
60922,0.47,0.93,40.70
60924,0.49,0.99,45.60
60926,0.28,1.00,55.40
60927,0.49,0.99,39.80
60928,0.45,0.99,41.10
60929,0.46,0.93,29.40
60930,0.46,0.99,41.00
60931,0.49,0.98,40.80
60932,0.61,1.00,22.70
60933,0.50,0.99,47.90
60934,0.52,0.99,36.60
60935,0.52,0.98,38.20
60936,0.47,0.97,40.80
60938,0.47,0.91,44.40
60940,0.51,0.97,39.20
60941,0.55,0.99,42.50
60942,0.48,0.95,45.50
60945,0.50,0.97,53.60
60946,0.49,0.98,46.20
60948,0.52,0.98,44.70
60949,0.50,0.93,33.50
60950,0.49,0.96,42.20
60951,0.52,0.99,46.70
60952,0.47,0.98,38.20
60953,0.47,0.96,48.10
60954,0.48,0.90,43.70
60955,0.54,0.88,40.40
60957,0.51,0.98,46.90
60958,0.46,0.16,41.30
60959,0.50,0.99,42.80
60960,0.55,0.97,40.10
60961,0.53,0.98,40.60
60962,0.56,0.99,37.70
60963,0.50,0.99,36.60
60964,0.50,0.85,40.00
60966,0.53,0.95,37.60
60968,0.50,0.94,55.10
60969,0.52,1.00,14.50
60970,0.45,0.93,47.20
60973,0.48,0.97,35.10
60974,0.51,0.98,44.80
61001,0.54,0.98,46.70
61006,0.53,0.95,47.10
61007,0.51,0.98,47.40
61008,0.48,0.85,38.50
61010,0.49,0.98,40.20
61011,0.53,0.91,53.20
61012,0.56,0.84,35.80
61013,0.47,0.98,52.80
61014,0.47,0.98,42.40
61015,0.52,1.00,52.80
61016,0.52,0.89,50.20
61018,0.52,0.96,40.60
61019,0.49,0.98,50.50
61020,0.50,0.91,34.20
61021,0.55,0.89,42.80
61024,0.49,0.98,45.40
61025,0.53,0.96,41.00
61027,0.00,1.00,-
61028,0.52,0.99,46.70
61030,0.49,0.94,40.00
61031,0.50,0.97,39.80
61032,0.47,0.80,44.20
61036,0.48,0.98,54.90
61037,0.40,1.00,42.10
61038,0.52,1.00,53.20
61039,0.51,0.99,41.70
61041,0.53,0.94,52.40
61042,0.54,1.00,34.20
61043,0.65,0.83,46.20
61044,0.40,1.00,44.50
61046,0.48,0.96,48.50
61047,0.47,0.97,49.10
61048,0.47,0.98,46.50
61049,0.51,0.94,41.90
61050,0.52,1.00,39.40
61051,0.51,0.97,46.40
61052,0.51,0.99,47.30
61053,0.49,0.97,47.20
61054,0.44,1.00,45.50
61057,0.52,0.85,36.70
61059,0.42,1.00,37.80
61060,0.52,0.99,40.60
61061,0.48,0.98,51.00
61062,0.54,0.99,40.50
61063,0.49,0.96,41.40
61064,0.51,0.99,46.70
61065,0.52,0.93,34.10
61067,0.51,1.00,52.50
61068,0.52,0.89,36.50
61070,0.54,0.98,44.50
61071,0.50,0.92,43.10
61072,0.48,0.96,41.90
61073,0.48,0.94,41.90
61074,0.52,0.93,46.70
61075,0.48,0.99,45.90
61077,0.72,1.00,55.20
61078,0.49,0.95,50.60
61079,0.62,0.95,32.30
61080,0.49,0.93,36.60
61081,0.48,0.89,42.20
61084,0.48,0.98,38.80
61085,0.49,0.99,43.80
61087,0.52,0.98,45.70
61088,0.51,0.95,41.00
61089,0.50,0.99,48.60
61091,0.43,1.00,53.70
61101,0.50,0.52,33.70
61102,0.51,0.52,34.30
61103,0.50,0.74,39.50
61104,0.48,0.58,30.50
61107,0.48,0.81,42.50
61108,0.50,0.81,40.30
61109,0.50,0.75,37.40
61111,0.49,0.91,38.40
61112,0.27,1.00,89.50
61114,0.45,0.84,49.10
61115,0.48,0.92,39.20
61201,0.47,0.72,35.40
61230,0.50,0.98,44.90
61231,0.50,0.98,46.10
61232,0.52,0.98,42.60
61234,0.50,0.94,43.40
61235,0.53,0.99,43.40
61236,0.56,0.75,24.10
61238,0.52,0.96,41.90
61239,0.49,0.67,27.20
61240,0.49,0.97,42.60
61241,0.48,0.96,41.20
61242,0.50,1.00,50.70
61243,0.45,1.00,57.40
61244,0.51,0.76,39.20
61250,0.45,0.90,39.30
61251,0.52,0.97,55.50
61252,0.52,0.96,46.10
61254,0.48,0.97,42.90
61256,0.50,0.94,48.00
61257,0.44,0.96,44.80
61258,0.54,1.00,30.40
61259,0.51,0.91,47.70
61260,0.51,0.99,43.60
61261,0.52,0.96,43.20
61262,0.48,0.99,50.30
61263,0.48,0.93,35.60
61264,0.52,0.95,47.30
61265,0.49,0.86,39.60
61270,0.51,0.96,42.90
61272,0.45,0.97,46.60
61273,0.51,0.98,47.60
61274,0.58,1.00,52.70
61275,0.52,0.97,42.90
61276,0.39,0.51,26.30
61277,0.50,0.97,48.30
61278,0.47,0.93,47.80
61279,0.53,0.98,47.00
61281,0.50,0.97,42.50
61282,0.47,0.82,39.70
61283,0.51,0.98,34.50
61284,0.50,0.96,48.60
61285,0.52,0.99,48.40
61301,0.55,0.96,39.50
61310,0.49,0.98,43.60
61311,0.49,1.00,62.90
61312,0.47,0.96,44.70
61313,0.58,1.00,42.90
61314,0.48,0.96,39.90
61315,0.53,0.93,40.80
61316,0.46,0.94,33.50
61317,0.52,0.97,41.80
61318,0.49,0.81,32.50
61319,0.51,0.99,44.40
61320,0.52,0.94,45.40
61321,0.53,0.93,60.10
61322,0.54,0.76,33.10
61323,0.34,1.00,40.30
61324,0.60,1.00,57.40
61325,0.51,0.99,38.60
61326,0.48,0.97,42.50
61327,0.54,0.98,49.70
61328,0.50,1.00,-
61329,0.46,0.98,41.20
61330,0.52,0.96,48.00
61331,0.55,1.00,-
61332,0.59,0.95,49.90
61333,0.50,0.98,52.90
61334,0.49,0.98,40.50
61335,0.52,0.99,49.70
61336,0.56,0.92,34.30
61337,0.47,0.97,31.70
61338,0.54,0.98,39.20
61340,0.49,0.98,46.00
61341,0.48,0.98,40.70
61342,0.49,0.91,39.90
61344,0.48,0.97,40.00
61345,0.52,0.98,41.80
61346,0.52,0.99,58.60
61348,0.49,0.98,40.90
61349,0.51,0.99,45.90
61350,0.49,0.92,43.00
61353,0.49,0.97,41.30
61354,0.48,0.98,45.00
61356,0.47,0.97,47.10
61358,0.59,0.98,52.90
61359,0.48,0.98,42.80
61360,0.56,0.98,34.90
61361,0.48,0.99,48.30
61362,0.48,0.89,42.10
61363,0.48,0.90,44.10
61364,0.48,0.92,41.20
61367,0.46,1.00,45.70
61368,0.53,0.99,49.50
61369,0.46,0.86,48.10
61370,0.53,0.99,44.60
61372,0.55,1.00,37.00
61373,0.51,0.98,47.90
61374,0.38,1.00,48.30
61375,0.51,0.99,56.60
61376,0.51,0.98,40.60
61377,0.50,0.98,39.50
61378,0.53,0.97,43.40
61379,0.54,0.97,35.60
61401,0.50,0.82,41.40
61410,0.47,0.95,40.40
61411,0.47,1.00,57.30
61412,0.47,0.98,44.80
61413,0.50,0.99,51.70
61414,0.51,0.96,46.00
61415,0.53,0.98,46.00
61416,0.45,0.96,39.20
61417,0.48,1.00,59.70
61418,0.50,0.98,51.50
61419,0.54,0.98,54.70
61420,0.50,0.97,53.00
61421,0.52,0.98,38.30
61422,0.53,0.94,40.30
61423,0.48,1.00,47.40
61424,0.57,1.00,37.50
61425,0.53,1.00,58.50
61426,0.46,1.00,57.10
61427,0.46,0.95,45.20
61428,0.54,0.98,52.50
61430,0.50,0.98,41.80
61431,0.53,0.88,44.40
61432,0.51,0.99,39.80
61434,0.53,0.98,43.90
61435,0.35,1.00,52.10
61436,0.52,0.99,48.20
61437,0.49,0.99,44.40
61438,0.53,0.99,46.90
61439,0.51,0.96,50.00
61440,0.46,0.98,41.10
61441,0.52,0.96,43.10
61442,0.48,0.97,43.60
61443,0.50,0.86,39.00
61447,0.49,1.00,42.80
61448,0.50,0.99,45.80
61449,0.53,1.00,49.10
61450,0.51,0.98,41.40
61451,0.55,0.98,40.90
61452,0.52,1.00,43.00
61453,0.51,1.00,36.60
61454,0.46,0.98,53.60
61455,0.48,0.87,26.20
61458,0.52,1.00,43.30
61459,0.40,0.92,48.30
61460,0.46,0.99,54.80
61462,0.49,0.87,36.30
61465,0.54,0.99,42.00
61466,0.55,1.00,50.00
61467,0.50,0.96,39.30
61468,0.53,1.00,50.80
61469,0.52,0.96,49.40
61470,0.52,0.98,38.30
61471,0.61,0.95,55.50
61472,0.52,0.95,46.30
61473,0.49,0.98,37.90
61474,0.42,1.00,54.30
61475,0.44,1.00,40.90
61476,0.50,1.00,39.80
61477,0.47,1.00,49.60
61478,0.43,0.97,38.70
61479,0.72,1.00,32.50
61480,0.44,0.99,49.10
61482,0.48,0.99,43.50
61483,0.49,0.97,45.10
61484,0.47,0.96,39.00
61485,0.55,1.00,48.60
61486,0.51,0.98,44.00
61488,0.48,0.96,44.50
61489,0.51,1.00,39.90
61490,0.53,0.96,37.60
61491,0.47,0.98,48.40
61501,0.53,0.94,38.00
61516,0.55,0.98,36.40
61517,0.55,0.93,46.00
61519,0.52,0.99,48.50
61520,0.55,0.92,40.20
61523,0.51,0.97,43.00
61524,0.49,1.00,34.60
61525,0.50,0.81,35.90
61526,0.47,0.90,40.00
61528,0.50,0.87,41.80
61529,0.50,0.99,43.30
61530,0.46,0.97,38.50
61531,0.49,0.98,39.20
61532,0.48,1.00,47.20
61533,0.49,0.97,45.10
61534,0.49,0.98,48.40
61535,0.55,0.98,47.90
61536,0.47,0.97,44.80
61537,0.47,0.98,43.10
61539,0.46,0.97,36.90
61540,0.49,0.99,46.80
61541,0.46,1.00,40.70
61542,0.49,0.98,49.40
61543,0.49,1.00,44.60
61544,0.52,0.99,49.80
61545,0.51,0.99,39.70
61546,0.53,0.98,45.20
61547,0.50,0.98,41.10
61548,0.51,0.96,39.70
61550,0.49,0.96,40.70
61552,0.47,1.00,32.50
61553,0.48,1.00,39.30
61554,0.49,0.96,39.70
61559,0.49,0.99,41.20
61560,0.50,1.00,64.00
61561,0.51,0.99,45.20
61562,0.66,1.00,48.40
61563,0.52,0.96,44.20
61564,0.51,1.00,34.00
61565,0.51,0.98,47.40
61567,0.56,0.97,46.80
61568,0.52,0.98,39.60
61569,0.47,0.91,51.60
61570,0.52,0.97,33.00
61571,0.49,0.95,39.30
61572,0.53,0.96,40.90
61602,0.73,0.60,44.70
61603,0.45,0.49,29.90
61604,0.47,0.66,37.80
61605,0.48,0.33,30.60
61606,0.51,0.73,21.80
61607,0.51,0.98,40.80
61610,0.48,0.97,40.60
61611,0.49,0.94,43.00
61614,0.48,0.80,40.90
61615,0.48,0.73,35.90
61616,0.49,0.87,38.40
61625,0.60,0.86,20.20
61701,0.48,0.80,33.80
61704,0.50,0.76,35.20
61705,0.48,0.86,36.10
61720,0.54,0.99,34.60
61721,0.56,0.99,33.80
61722,0.50,0.95,34.90
61723,0.45,0.95,39.10
61724,0.50,0.98,46.20
61725,0.51,0.96,44.90
61726,0.50,0.97,43.70
61727,0.50,0.95,41.70
61728,0.49,0.96,42.20
61729,0.50,0.99,44.00
61730,0.53,0.99,43.50
61731,0.44,1.00,44.40
61732,0.51,0.98,38.40
61733,0.51,0.90,40.20
61734,0.49,0.96,39.00
61735,0.49,0.98,43.20
61736,0.49,0.98,40.50
61737,0.45,0.99,37.20
61738,0.47,0.94,36.20
61739,0.50,0.99,40.40
61740,0.45,0.98,46.40
61741,0.49,0.98,31.40
61742,0.51,0.99,36.90
61743,0.50,1.00,51.20
61744,0.51,0.98,41.10
61745,0.50,0.95,38.20
61747,0.47,0.99,45.10
61748,0.48,0.99,49.20
61749,0.51,1.00,49.50
61750,0.54,1.00,35.80
61751,0.43,1.00,59.40
61752,0.50,0.98,41.00
61753,0.50,0.98,40.90
61754,0.48,0.99,44.30
61755,0.51,0.99,40.90
61756,0.52,0.92,42.20
61759,0.45,0.99,39.50
61760,0.48,0.98,39.70
61761,0.47,0.84,23.80
61764,0.56,0.88,41.00
61769,0.50,0.98,45.60
61770,0.48,0.99,43.00
61771,0.55,0.99,32.40
61772,0.58,1.00,48.20
61773,0.53,0.98,37.80
61774,0.50,0.87,38.40
61775,0.51,0.99,40.60
61776,0.46,0.99,41.50
61777,0.53,0.98,46.40
61778,0.51,0.99,48.20
61801,0.51,0.58,23.00
61802,0.47,0.74,37.10
61810,0.46,0.98,51.20
61811,0.55,0.98,36.50
61812,0.44,0.99,42.90
61813,0.51,0.94,43.20
61814,0.52,0.96,37.80
61815,0.43,0.96,43.60
61816,0.54,0.97,38.40
61817,0.52,1.00,37.20
61818,0.47,0.95,35.70
61820,0.53,0.67,22.00
61821,0.48,0.69,35.00
61822,0.49,0.70,37.80
61830,0.52,0.91,40.10
61831,0.56,0.84,60.40
61832,0.47,0.68,37.40
61833,0.42,0.98,49.60
61834,0.57,0.88,42.60
61839,0.53,0.96,42.90
61840,0.55,1.00,42.40
61841,0.49,0.99,45.40
61842,0.51,0.98,44.80
61843,0.51,0.99,41.90
61844,0.49,0.97,49.10
61845,0.41,1.00,41.90
61846,0.53,0.97,41.80
61847,0.49,0.96,44.10
61848,0.48,1.00,31.10
61849,0.48,0.98,44.20
61850,0.50,0.99,36.70
61851,0.47,0.99,44.90
61852,0.55,0.98,54.60
61853,0.49,0.95,38.30
61854,0.49,0.96,42.90
61855,0.55,1.00,34.20
61856,0.48,0.99,44.10
61857,0.51,1.00,37.80
61858,0.50,0.98,44.80
61859,0.51,0.99,41.60
61862,0.50,0.94,41.90
61863,0.50,0.98,53.30
61864,0.50,0.99,36.20
61865,0.54,0.97,37.80
61866,0.50,0.69,33.10
61870,0.52,0.98,41.40
61871,0.46,0.98,46.60
61872,0.50,1.00,44.30
61873,0.47,0.96,35.90
61874,0.47,0.73,31.80
61875,0.36,0.92,30.90
61876,0.44,1.00,47.10
61877,0.53,0.97,35.90
61878,0.50,0.96,45.40
61880,0.53,0.98,34.70
61882,0.53,0.97,44.50
61883,0.54,0.95,40.30
61884,0.52,0.99,49.10
61910,0.48,0.95,34.90
61911,0.50,0.98,31.30
61912,0.47,0.97,46.80
61913,0.50,0.98,46.70
61914,0.48,1.00,39.50
61917,0.49,0.98,35.80
61919,0.50,1.00,47.60
61920,0.48,0.89,25.00
61924,0.50,0.99,47.70
61925,0.52,1.00,45.40
61928,0.55,0.94,50.60
61929,0.56,0.99,42.20
61930,0.49,0.95,35.10
61931,0.50,1.00,42.70
61932,0.46,0.98,36.20
61933,0.49,0.99,44.30
61936,0.48,0.94,39.20
61937,0.52,0.98,38.70
61938,0.48,0.96,40.00
61940,0.47,0.96,41.90
61941,0.45,1.00,53.70
61942,0.48,0.96,43.40
61943,0.49,1.00,52.20
61944,0.49,0.99,44.00
61949,0.47,1.00,53.40
61951,0.48,0.99,41.60
61953,0.49,0.96,38.70
61955,0.52,1.00,40.40
61956,0.48,0.96,45.50
61957,0.53,0.99,36.80
62001,0.52,1.00,44.20
62002,0.48,0.74,39.40
62006,0.50,1.00,41.30
62009,0.50,0.97,37.00
62010,0.51,0.97,39.20
62011,0.49,0.98,57.50
62012,0.52,1.00,42.40
62013,0.50,0.99,43.50
62014,0.50,0.95,46.80
62015,0.39,0.96,50.70
62016,0.50,0.99,44.90
62017,0.44,0.95,52.90
62018,0.54,0.92,38.30
62019,0.41,0.99,56.20
62021,0.47,1.00,56.60
62022,0.55,1.00,46.70
62023,0.42,0.96,35.90
62024,0.50,0.97,44.10
62025,0.49,0.88,34.90
62027,0.50,1.00,54.90
62028,0.44,0.87,21.00
62030,0.38,1.00,30.10
62031,0.52,0.99,48.70
62032,0.37,0.97,48.40
62033,0.51,0.96,43.20
62034,0.48,0.85,36.20
62035,0.48,0.92,45.60
62036,0.50,1.00,57.00
62037,0.49,0.94,47.00
62040,0.50,0.91,40.60
62044,0.49,1.00,39.20
62045,0.47,0.99,49.20
62046,0.47,0.97,33.60
62047,0.51,0.99,46.90
62048,0.49,0.99,39.90
62049,0.69,0.73,38.10
62050,0.50,1.00,33.70
62051,0.48,1.00,44.40
62052,0.47,0.98,40.80
62053,0.56,0.99,37.30
62054,0.55,0.91,43.30
62056,0.45,0.98,43.80
62058,0.49,0.99,43.40
62059,0.34,0.01,25.30
62060,0.49,0.33,36.30
62061,0.54,0.99,41.10
62062,0.50,0.92,42.80
62063,0.51,0.99,44.40
62065,0.47,0.63,49.30
62067,0.48,0.97,46.70
62069,0.49,0.99,42.50
62070,0.30,0.63,79.40
62074,0.49,0.98,37.20
62075,0.38,0.98,41.30
62076,0.47,0.96,41.50
62077,0.47,1.00,35.60
62078,0.52,0.90,36.50
62079,0.46,1.00,32.80
62080,0.51,0.96,40.60
62081,0.52,0.99,38.80
62082,0.54,0.95,43.20
62083,0.65,0.70,44.00
62084,0.49,0.99,37.40
62085,0.47,0.95,45.50
62086,0.48,0.98,43.80
62087,0.50,0.96,32.10
62088,0.48,0.98,47.80
62089,0.46,1.00,40.80
62090,0.45,0.02,31.50
62091,0.46,1.00,56.90
62092,0.48,0.99,43.90
62093,0.55,0.98,35.30
62094,0.43,0.95,46.00
62095,0.46,0.97,40.00
62097,0.48,0.97,40.50
62098,0.29,1.00,70.70
62201,0.43,0.30,23.80
62203,0.46,0.05,43.80
62204,0.48,0.02,34.60
62205,0.48,0.01,42.80
62206,0.47,0.35,33.50
62207,0.46,0.02,32.70
62208,0.48,0.64,40.90
62214,0.50,0.99,42.00
62215,0.52,0.93,36.00
62216,0.51,0.98,37.30
62217,0.55,0.99,40.30
62218,0.55,1.00,42.80
62219,0.45,0.98,47.50
62220,0.47,0.77,36.40
62221,0.49,0.71,38.50
62223,0.47,0.77,42.40
62225,0.54,0.73,22.60
62226,0.49,0.71,39.20
62230,0.48,0.97,39.20
62231,0.49,0.94,40.00
62232,0.49,0.86,38.80
62233,0.64,0.77,39.30
62234,0.49,0.88,38.40
62236,0.48,0.97,42.10
62237,0.54,0.93,43.90
62238,0.43,1.00,39.80
62239,0.52,0.97,38.50
62240,0.48,0.91,38.10
62241,0.56,0.98,47.30
62242,0.48,0.99,47.70
62243,0.51,0.98,46.40
62244,0.49,1.00,45.40
62245,0.50,0.98,41.50
62246,0.52,0.86,37.00
62248,0.50,0.96,31.90
62249,0.49,0.98,38.70
62250,0.54,0.96,35.20
62253,0.46,0.99,46.30
62254,0.49,0.81,41.10
62255,0.53,0.92,41.70
62257,0.47,0.99,50.20
62258,0.49,0.91,39.80
62260,0.49,0.98,41.90
62261,0.39,1.00,37.90
62262,0.51,0.96,48.70
62263,0.49,0.98,42.10
62264,0.52,0.99,39.60
62265,0.50,0.93,39.80
62266,0.56,1.00,50.60
62268,0.53,1.00,49.00
62269,0.49,0.79,37.50
62271,0.50,0.98,44.50
62272,0.52,0.96,40.90
62273,0.44,0.86,34.70
62274,0.59,0.80,38.20
62275,0.50,0.99,45.60
62277,0.52,0.97,36.70
62278,0.50,0.97,40.40
62279,0.42,1.00,26.30
62280,0.60,1.00,51.70
62281,0.51,0.98,34.80
62282,0.51,0.98,40.90
62284,0.52,0.95,49.10
62285,0.45,0.96,42.10
62286,0.49,0.78,42.70
62288,0.47,0.99,39.30
62289,0.54,0.92,42.30
62292,0.51,0.99,46.90
62293,0.50,0.98,43.00
62294,0.48,0.94,37.20
62295,0.54,0.95,36.50
62297,0.56,1.00,56.60
62298,0.50,0.99,43.80
62301,0.47,0.89,38.70
62305,0.50,0.96,44.10
62311,0.55,0.99,45.50
62312,0.48,0.99,41.20
62313,0.50,1.00,45.60
62314,0.55,0.98,37.90
62316,0.60,0.97,31.10
62319,0.53,1.00,56.30
62320,0.54,0.97,45.00
62321,0.48,0.98,45.60
62323,0.61,0.97,51.40
62324,0.56,0.99,41.80
62325,0.59,0.96,37.50
62326,0.51,0.99,41.70
62330,0.46,0.96,46.50
62334,0.59,0.99,44.50
62336,0.58,1.00,31.30
62338,0.55,1.00,40.00
62339,0.44,0.98,46.50
62340,0.46,0.98,43.90
62341,0.47,0.98,46.10
62343,0.46,0.95,40.30
62344,0.45,1.00,55.40
62345,0.50,0.99,43.60
62346,0.54,0.99,45.10
62347,0.50,0.99,40.60
62348,0.34,1.00,33.80
62349,0.46,0.97,50.00
62351,0.51,0.99,45.20
62352,0.51,0.99,41.80
62353,0.67,0.76,36.80
62354,0.48,0.97,54.70
62355,0.54,0.98,48.30
62356,0.49,0.99,48.40
62357,0.48,0.99,27.60
62358,0.51,0.93,34.60
62359,0.50,1.00,29.50
62360,0.52,0.98,37.10
62361,0.53,0.96,36.20
62362,0.44,0.95,54.80
62363,0.51,0.96,44.20
62365,0.57,0.99,30.90
62366,0.47,0.94,35.90
62367,0.53,0.99,51.10
62370,0.52,1.00,52.80
62373,0.43,0.99,45.10
62374,0.48,0.95,52.20
62375,0.66,0.61,37.10
62376,0.46,1.00,43.90
62378,0.46,0.97,46.40
62379,0.51,0.97,43.50
62380,0.55,0.97,48.50
62401,0.49,0.97,39.30
62410,0.50,0.97,35.60
62411,0.51,0.99,42.20
62413,0.48,1.00,44.60
62414,0.56,1.00,40.70
62417,0.41,1.00,44.10
62418,0.51,0.99,43.80
62419,0.60,1.00,46.10
62420,0.47,0.98,43.70
62421,0.51,0.96,38.70
62422,0.52,0.97,43.40
62423,0.41,1.00,36.70
62424,0.52,0.99,40.20
62425,0.56,1.00,45.10
62426,0.48,0.97,41.80
62427,0.47,0.98,41.40
62428,0.50,0.99,43.60
62431,0.51,0.99,46.90
62432,0.56,0.99,46.60
62433,0.48,0.98,47.90
62434,0.52,0.98,56.90
62436,0.48,0.97,31.90
62438,0.44,1.00,27.80
62439,0.41,0.95,50.60
62440,0.50,0.98,36.30
62441,0.50,0.95,42.10
62442,0.48,0.99,47.10
62443,0.53,0.99,40.20
62444,0.48,0.99,41.10
62445,0.50,0.98,34.00
62446,0.45,0.99,44.70
62447,0.52,0.98,48.10
62448,0.49,0.97,43.50
62449,0.52,0.97,42.60
62450,0.48,0.97,42.40
62451,0.48,0.99,44.50
62452,0.53,0.99,40.20
62454,0.53,0.90,41.40
62458,0.50,0.99,44.50
62459,0.46,1.00,40.90
62460,0.41,1.00,38.10
62461,0.52,0.99,44.80
62462,0.48,0.99,37.60
62463,0.51,0.96,42.00
62465,0.52,0.99,35.00
62466,0.87,0.47,34.60
62467,0.52,0.99,37.40
62468,0.50,0.96,41.50
62469,0.48,1.00,48.10
62471,0.54,0.87,38.80
62473,0.49,0.98,34.90
62474,0.50,1.00,45.20
62475,0.50,0.96,58.00
62476,0.49,0.99,42.20
62477,0.53,0.99,43.80
62478,0.47,1.00,39.80
62479,0.52,0.99,37.00
62480,0.54,0.97,51.70
62481,0.43,0.99,40.30
62501,0.51,0.93,48.30
62510,0.50,0.95,36.90
62512,0.40,0.97,41.80
62513,0.48,0.99,36.80
62514,0.51,1.00,42.40
62515,0.49,0.93,50.20
62517,0.45,1.00,29.80
62518,0.54,0.88,39.10
62519,0.32,1.00,63.30
62520,0.48,0.99,47.60
62521,0.48,0.79,42.90
62522,0.49,0.72,35.70
62523,0.68,0.61,35.30
62526,0.46,0.73,39.00
62530,0.49,0.98,39.80
62531,0.51,0.98,44.30
62532,0.53,1.00,56.60
62533,0.40,0.99,53.40
62534,0.54,0.99,42.20
62535,0.52,0.85,44.00
62536,0.56,1.00,42.70
62537,0.58,1.00,59.40
62538,0.45,0.97,55.00
62539,0.48,0.96,34.70
62540,0.49,0.96,32.80
62541,0.58,1.00,52.30
62543,0.45,0.90,42.20
62544,0.52,0.95,43.00
62545,0.49,0.97,44.70
62546,0.46,1.00,38.20
62547,0.58,0.99,32.40
62548,0.48,0.97,53.10
62549,0.46,0.91,38.40
62550,0.51,0.98,43.40
62551,0.51,0.94,42.50
62553,0.53,1.00,43.00
62554,0.48,0.93,47.50
62555,0.55,1.00,34.80
62556,0.46,1.00,57.10
62557,0.48,0.98,46.30
62558,0.48,0.98,39.60
62560,0.37,0.97,48.30
62561,0.45,0.97,39.30
62563,0.49,0.97,43.70
62565,0.45,0.99,45.50
62567,0.48,0.99,40.60
62568,0.53,0.96,43.50
62570,0.53,0.91,42.70
62571,0.56,1.00,44.70
62572,0.43,0.97,46.60
62573,0.55,0.93,39.70
62601,0.54,0.99,52.20
62610,0.64,0.91,35.70
62611,0.48,0.97,45.30
62612,0.49,0.99,42.60
62613,0.48,0.97,38.00
62615,0.51,0.97,36.20
62617,0.50,0.99,42.80
62618,0.52,0.85,36.30
62621,0.51,1.00,41.10
62622,0.46,1.00,46.00
62624,0.52,0.99,48.50
62625,0.57,0.94,52.90
62626,0.48,0.97,40.60
62627,0.48,0.97,42.90
62628,0.46,0.98,41.80
62629,0.49,0.94,35.50
62630,0.51,1.00,34.10
62631,0.58,1.00,36.50
62633,0.54,1.00,48.80
62634,0.50,0.89,43.20
62635,0.51,0.94,46.90
62638,0.54,0.99,40.60
62639,0.49,1.00,47.10
62640,0.48,0.97,42.50
62642,0.54,1.00,41.60
62643,0.52,0.91,33.70
62644,0.48,0.97,44.40
62649,0.53,0.99,34.60
62650,0.51,0.89,40.10
62655,0.50,1.00,44.20
62656,0.52,0.74,37.80
62661,0.49,0.95,44.00
62663,0.47,0.99,48.20
62664,0.47,0.96,46.20
62665,0.50,0.97,46.70
62666,0.49,0.95,45.80
62667,0.44,0.99,49.30
62668,0.53,1.00,47.40
62670,0.49,0.99,38.10
62671,0.47,0.97,49.10
62672,0.51,0.94,48.50
62673,0.48,0.94,31.90
62674,0.49,0.97,51.40
62675,0.49,0.97,48.20
62677,0.51,0.98,42.40
62681,0.54,0.93,44.00
62682,0.55,0.90,39.30
62684,0.47,0.98,42.40
62685,0.51,0.93,45.80
62688,0.47,0.97,38.80
62689,0.54,0.97,43.20
62690,0.51,1.00,36.40
62691,0.51,0.95,49.40
62692,0.49,0.99,40.20
62693,0.50,0.97,38.40
62694,0.47,0.99,47.10
62695,0.46,0.96,42.10
62701,0.66,0.72,38.30
62702,0.48,0.79,40.00
62703,0.46,0.57,32.60
62704,0.48,0.80,40.60
62707,0.50,0.94,45.80
62711,0.47,0.90,46.30
62712,0.50,0.93,40.80
62801,0.52,0.86,41.80
62803,0.51,0.88,32.60
62806,0.50,0.97,39.90
62807,0.52,0.99,41.70
62808,0.50,0.97,36.70
62809,0.55,1.00,60.50
62810,0.51,1.00,35.50
62811,0.51,1.00,50.30
62812,0.48,0.98,42.00
62814,0.47,0.96,39.70
62815,0.39,0.99,46.40
62816,0.53,0.98,45.50
62817,0.45,0.99,54.10
62818,0.56,0.97,54.40
62819,0.48,1.00,41.90
62820,0.52,1.00,52.00
62821,0.49,0.98,45.80
62822,0.48,0.99,41.90
62823,0.48,0.99,50.00
62824,0.52,1.00,40.10
62825,0.58,1.00,42.90
62827,0.49,0.96,41.90
62828,0.46,1.00,45.50
62829,0.61,1.00,22.60
62830,0.51,0.97,39.30
62831,0.53,0.96,52.40
62832,0.48,0.91,41.60
62833,0.52,1.00,46.30
62835,0.50,1.00,41.80
62836,0.51,0.99,35.40
62837,0.49,0.96,43.90
62838,0.53,0.99,34.40
62839,0.46,0.96,42.10
62841,0.51,0.79,26.80
62842,0.49,0.99,44.70
62843,0.57,1.00,31.60
62844,0.47,0.98,48.50
62846,0.85,0.64,35.70
62848,0.48,0.99,36.80
62849,0.49,0.95,42.00
62850,0.52,1.00,31.80
62851,0.57,0.99,41.70
62852,0.51,0.94,49.30
62853,0.49,0.98,47.00
62854,0.54,0.99,35.80
62856,0.46,1.00,54.80
62858,0.51,0.98,44.20
62859,0.50,1.00,42.30
62860,0.48,1.00,42.60
62861,0.52,1.00,55.50
62862,0.55,0.98,46.60
62863,0.49,0.96,44.10
62864,0.48,0.86,42.20
62865,0.50,0.99,49.10
62867,0.41,0.95,46.90
62868,0.56,0.97,46.30
62869,0.48,1.00,39.40
62870,0.49,0.97,43.20
62871,0.52,0.96,45.50
62872,0.48,1.00,39.00
62874,0.46,0.98,43.80
62875,0.52,0.96,43.00
62876,0.43,0.99,49.40
62877,0.51,0.97,48.70
62878,0.39,1.00,49.50
62879,0.54,1.00,51.50
62880,0.53,0.99,46.10
62881,0.48,0.97,41.40
62882,0.50,0.98,39.50
62883,0.58,1.00,47.60
62884,0.52,0.95,43.90
62885,0.50,0.99,37.00
62886,0.48,1.00,33.40
62887,0.39,0.99,35.50
62888,0.54,0.99,47.30
62889,0.51,0.97,40.10
62890,0.52,0.97,37.50
62891,0.55,0.97,48.70
62892,0.41,0.96,33.00
62893,0.48,0.99,44.70
62894,0.50,1.00,40.00
62895,0.51,0.99,38.80
62896,0.50,0.97,41.50
62897,0.54,1.00,48.50
62898,0.50,0.93,40.60
62899,0.54,0.99,40.30
62901,0.52,0.64,24.30
62902,0.48,0.80,35.80
62903,0.48,0.75,24.00
62905,0.49,0.96,47.20
62906,0.50,0.96,46.70
62907,0.52,1.00,47.60
62908,0.51,0.99,48.30
62910,0.43,0.83,50.40
62912,0.50,0.93,39.40
62914,0.43,0.33,37.90
62915,0.49,1.00,33.90
62916,0.52,1.00,36.40
62917,0.49,0.83,48.30
62918,0.48,0.94,35.10
62919,0.51,0.91,44.70
62920,0.47,0.86,39.60
62921,0.45,0.42,37.50
62922,0.51,0.98,48.20
62923,0.48,0.99,42.40
62924,0.50,0.88,37.20
62926,0.52,0.98,34.70
62927,0.48,0.99,42.20
62928,0.37,1.00,50.80
62930,0.49,0.97,40.10
62931,0.51,0.99,49.60
62932,0.50,0.96,41.40
62933,0.47,0.97,47.30
62934,0.48,0.96,41.80
62935,0.49,0.98,50.30
62938,0.54,0.91,47.80
62939,0.48,0.98,44.30
62940,0.53,1.00,40.70
62941,0.43,0.97,36.50
62942,0.50,0.98,55.60
62943,0.56,1.00,51.00
62946,0.48,0.93,41.70
62947,0.48,1.00,58.80
62948,0.49,0.96,39.00
62949,0.51,0.96,47.40
62950,0.56,1.00,35.10
62951,0.48,0.95,39.70
62952,0.52,0.97,45.10
62953,0.50,0.83,35.80
62954,0.45,0.97,52.70
62956,0.45,0.96,43.90
62957,0.48,0.97,40.00
62958,0.52,0.88,43.60
62959,0.51,0.89,43.50
62960,0.49,0.92,40.70
62961,0.36,1.00,52.30
62962,0.47,1.00,43.30
62963,0.48,0.53,30.80
62964,0.51,0.36,42.80
62965,0.43,1.00,49.30
62966,0.48,0.89,41.30
62967,0.51,0.99,47.70
62969,0.54,1.00,53.00
62970,0.50,0.83,39.80
62972,0.48,1.00,50.20
62974,0.48,0.99,47.60
62975,0.60,1.00,36.60
62976,0.58,0.38,51.40
62977,0.56,1.00,47.20
62979,0.48,0.96,49.30
62982,0.53,0.98,40.70
62983,0.49,0.98,44.90
62984,0.47,0.98,40.80
62985,0.52,0.92,52.20
62987,0.50,0.96,40.70
62988,0.60,0.67,39.60
62990,0.48,0.84,35.00
62992,0.49,0.68,54.30
62994,0.51,0.99,44.40
62995,0.67,0.79,41.00
62996,0.50,0.79,53.20
62997,0.42,0.99,38.90
62998,0.53,1.00,59.10
62999,0.51,0.99,37.70
63673,0.54,0.97,44.00
