,RegionID,SizeRank,RegionName,RegionType,StateName,State,City,Metro,CountyName,31/1/2010,28/2/2010,31/3/2010,30/4/2010,31/5/2010,30/6/2010,31/7/2010,31/8/2010,30/9/2010,31/10/2010,30/11/2010,31/12/2010,31/1/2011,28/2/2011,31/3/2011,30/4/2011,31/5/2011,30/6/2011,31/7/2011,31/8/2011,30/9/2011,31/10/2011,30/11/2011,31/12/2011,31/1/2012,29/2/2012,31/3/2012,30/4/2012,31/5/2012,30/6/2012,31/7/2012,31/8/2012,30/9/2012,31/10/2012,30/11/2012,31/12/2012,31/1/2013,28/2/2013,31/3/2013,30/4/2013,31/5/2013,30/6/2013,31/7/2013,31/8/2013,30/9/2013,31/10/2013,30/11/2013,31/12/2013,31/1/2014,28/2/2014,31/3/2014,30/4/2014,31/5/2014,30/6/2014,31/7/2014,31/8/2014,30/9/2014,31/10/2014,30/11/2014,31/12/2014,31/1/2015,28/2/2015,31/3/2015,30/4/2015,31/5/2015,30/6/2015,31/7/2015,31/8/2015,30/9/2015,31/10/2015,30/11/2015,31/12/2015,31/1/2016,29/2/2016,31/3/2016,30/4/2016,31/5/2016,30/6/2016,31/7/2016,31/8/2016,30/9/2016,31/10/2016,30/11/2016,31/12/2016,31/1/2017,28/2/2017,31/3/2017,30/4/2017,31/5/2017,30/6/2017,31/7/2017,31/8/2017,30/9/2017,31/10/2017,30/11/2017,31/12/2017,31/1/2018,28/2/2018,31/3/2018,30/4/2018,31/5/2018,30/6/2018,31/7/2018,31/8/2018,30/9/2018,31/10/2018,30/11/2018,31/12/2018,31/1/2019,28/2/2019,31/3/2019,30/4/2019,31/5/2019,30/6/2019,31/7/2019,31/8/2019,30/9/2019,31/10/2019,30/11/2019,31/12/2019,31/1/2020,change,change_perc
1,84654,1,60657,Zip,IL,IL,Chicago,Chicago-Naperville-Elgin,Cook County,427929,430502,428300,431808,430657,433596,427980,425198,419067,415385,409915,405815,403455,401954,402323,401378,402450,401538,403243,401964,400809,396025,395583,391311,389504,382436,383943,384302,387103,386682,384356,384133,383109,386618,388126,389336,392864,397331,402098,406272,410583,416423,420550,424709,426837,433669,436174,441186,442203,447324,449402,449620,449999,451155,450794,448233,448338,449226,450593,451643,452754,455050,457205,460565,462551,461837,460748,459593,458488,456838,455528,457392,460649,467728,472142,474501,473646,472910,474097,474860,475555,475972,478413,479879,482481,484221,488215,489841,490169,488397,487102,486632,487520,485975,484962,485798,491123,495598,496341,495057,493976,493552,492661,491738,492142,492666,494573,495639,494132,492308,490443,490347,489356,488303,488062,487091,486296,484816,484164,483685,483831,0.13063382,13.06338201
4,84616,4,60614,Zip,IL,IL,Chicago,Chicago-Naperville-Elgin,Cook County,543934,545812,541652,545673,543697,547537,539623,536052,527460,522900,515890,509650,505583,501906,502435,501706,504689,504191,506852,505948,505094,498648,497405,492001,490319,481561,484300,485691,490504,490314,487316,486857,485015,489272,490921,493104,498371,504483,510694,515894,522029,530512,536355,541545,543965,551779,554109,559408,560884,567928,571026,571063,571843,574414,575429,573039,573302,574554,576522,578617,580595,584422,587914,593597,597123,597208,596786,596323,596057,594950,594355,596885,601025,609533,614874,617493,615476,613960,614110,614507,614557,614940,618055,619938,623217,625672,630957,634095,635055,633323,631682,630458,631354,628519,626625,627084,633558,639669,640738,639342,637499,636675,635550,634462,635221,635936,638341,639678,636974,634877,632677,633399,631942,630115,629103,628109,627389,626334,625589,624759,624636,0.148367265,14.83672651
9,84640,9,60640,Zip,IL,IL,Chicago,Chicago-Naperville-Elgin,Cook County,283836,285321,283617,286023,284910,286343,280973,278387,273640,270831,266595,262007,258665,255808,256206,255293,255612,253796,253292,251510,249097,244634,241129,237101,235027,231558,231493,231136,231659,230841,229230,228107,226700,227765,228670,230103,231942,235029,237477,239699,241370,244254,247158,250171,251753,255564,256941,259409,260173,262865,265333,266442,268188,269150,269068,267498,267580,267809,268556,269453,270721,272365,273500,275051,275905,275415,275020,274360,274127,273423,273050,274111,275815,279297,281215,282541,282548,282792,283537,284286,285097,286125,288032,289809,292501,294221,296798,297787,298289,297723,297351,297027,297758,297049,297110,297664,301377,304352,304990,303924,303336,303694,304121,303996,304613,305090,307105,308166,306535,304548,302749,303769,304011,304381,304601,304994,304976,304639,304453,304483,304706,0.073528376,7.352837554
17,84646,18,60647,Zip,IL,IL,Chicago,Chicago-Naperville-Elgin,Cook County,369703,371751,369522,372063,370820,373424,368020,364885,358956,355305,350868,346603,343487,339693,339459,338641,338917,336561,337000,335125,334317,330595,329879,325053,321591,315662,316582,317140,319753,319814,317904,317677,317712,322049,323903,325485,329739,335451,340621,344088,347989,353293,359362,364586,367935,373446,376460,381549,382012,385165,386025,387024,389623,393238,395251,395006,396900,398313,399616,401150,404477,408642,411460,414571,416249,415733,415141,414251,413398,412099,411821,414543,418632,425738,430591,434391,434713,436254,437519,439918,440936,442957,446343,447492,449331,449805,452668,453188,453115,451979,451166,450129,450570,449160,448621,450092,455399,460084,460702,459240,457801,457118,456169,455845,456793,457815,459991,461954,461817,460821,458989,458799,457209,456221,455957,456139,456352,455610,456155,456369,457375,0.237141706,23.71417056
27,84620,28,60618,Zip,IL,IL,Chicago,Chicago-Naperville-Elgin,Cook County,394996,395503,391600,395497,394388,398032,392520,390392,384567,381093,376102,370818,366844,362439,362396,361194,362160,360515,362293,360935,359986,355696,355215,351210,347999,341858,342530,344470,347970,349734,348991,349063,347834,350535,351785,353845,357228,362504,366935,372077,377836,385110,392032,397692,402412,408091,411045,415219,416505,419869,421234,421405,424395,426899,427845,426052,427200,429244,429936,431252,433011,436909,439117,441402,441681,440058,439444,438353,437423,435730,435416,438243,442467,450173,455020,458360,458638,459611,460584,462336,463880,467255,471660,473887,477121,478241,482004,481907,480001,476658,474549,474411,475680,475801,477147,479986,485960,490319,490663,488753,486155,484380,482133,480992,481094,481522,483094,484679,484125,483331,481623,481296,479146,477468,476078,475013,473788,472316,471583,471513,473211,0.198014663,19.80146634
50,84615,51,60613,Zip,IL,IL,Chicago,Chicago-Naperville-Elgin,Cook County,312652,313696,311503,313947,312804,314894,310286,308501,304030,301564,296937,292778,289811,287289,287181,285532,285711,283474,283583,281976,281356,277973,276780,273809,272747,269127,269843,270271,272271,271999,270135,268677,266688,267366,267711,268350,270549,273807,277027,279966,282524,285938,288544,291514,293510,298894,301117,304638,305257,308151,309859,309761,309957,309770,309490,307884,307756,307330,307396,308065,309396,311071,312682,314792,316402,316144,316045,315606,315431,314174,313315,314104,316335,321029,323939,325372,324654,324107,324686,325450,326173,326812,328670,330666,333781,335828,338940,340262,341096,340576,340263,340228,341141,340445,340353,341196,345109,348240,348576,347090,345478,344568,343882,343143,343367,343468,345140,346122,345514,344437,343361,343864,343635,343609,343623,343528,342908,341793,340890,340336,340486,0.089025498,8.9025498
56,84627,57,60625,Zip,IL,IL,Chicago,Chicago-Naperville-Elgin,Cook County,335839,337046,333368,336703,334796,338592,332972,331872,326097,323410,317637,312723,308641,305174,304315,302620,302977,301843,302557,301248,299034,294899,292412,287942,285324,281103,283250,284715,287171,286914,285361,284590,283894,285570,286623,288255,291319,295369,298661,302346,306298,310364,313859,316677,319570,323667,325378,328392,329455,332695,334703,336535,339645,341844,342887,340966,341173,341206,341967,342563,343159,344558,345878,347575,348746,347872,348355,348040,348592,348385,349161,351638,354770,359978,363333,365324,365356,365273,366005,366893,368045,369858,372789,373607,375517,375964,379404,380251,381137,380415,380366,380007,381157,382269,384445,387434,392002,395819,397053,395859,393689,391477,389643,387767,387134,386374,387481,387578,387011,386384,385560,384504,382322,381259,380624,380542,379989,379830,380114,381458,383145,0.140859162,14.08591617
62,84630,63,60629,Zip,IL,IL,Chicago,Chicago-Naperville-Elgin,Cook County,166072,165188,162367,163588,163222,164576,161434,159605,157054,155319,152720,149527,147381,144836,143460,140651,139683,137361,137322,136213,135605,133308,131603,128033,126624,123903,125296,125234,125784,124297,122520,121252,120539,121356,122539,123175,124145,124587,124677,125053,125548,127634,129447,131469,132344,134500,135164,136954,137522,139931,141606,142163,142775,143789,145735,146895,148619,149472,150034,150195,150535,151067,151562,152423,153371,153986,155286,156607,157509,157700,158178,159609,160770,162981,164421,166258,167336,168922,170643,171712,172417,173039,174339,175885,177441,179290,181423,183191,184193,184266,184453,184906,186012,186673,187621,189202,191608,193164,192967,192613,193104,193916,194511,194721,195940,197174,198772,200347,200828,201743,202333,204379,205396,206196,205698,205089,204342,204180,204484,204958,205821,0.239347994,23.93479936
69,84612,70,60610,Zip,IL,IL,Chicago,Chicago-Naperville-Elgin,Cook County,394296,396163,393949,395641,394154,395478,389056,385544,379969,377205,373451,370105,367864,365654,364758,363957,364756,364089,364557,363186,361877,356889,355426,351135,349481,343244,344889,345794,348875,348459,347438,347977,348348,351564,352497,353703,356424,360612,364355,369125,373850,380528,384809,389129,391335,396439,398220,402014,403080,407925,410515,411717,412951,415135,416400,416156,416656,417827,418108,418726,418917,420573,422449,425399,427138,427253,427119,426648,425514,423551,422105,422605,424523,429748,433412,435822,435122,434348,434544,435190,436184,437053,439481,440451,442478,443780,447397,448369,448137,446035,445167,444384,445218,444420,444488,445634,449169,452314,452800,451684,450084,448237,446690,444934,444643,443762,444122,443404,440743,438383,435851,435384,435066,435054,435268,433856,432770,432093,431902,431801,431296,0.093838132,9.383813176
91,84621,92,60619,Zip,IL,IL,Chicago,Chicago-Naperville-Elgin,Cook County,137520,137091,135264,136083,136519,138282,136880,135973,134396,134967,135315,134784,133104,131077,129934,128289,127309,125183,125172,124280,123987,121632,119982,117088,115870,113728,113601,112412,112909,111532,110326,106725,105089,103805,104298,102594,102443,101853,102965,103670,104877,106944,107985,109203,108068,108473,106720,106792,106132,106618,107419,108363,110883,112175,113505,114152,116066,117112,117906,117830,117421,117316,117255,117535,117401,117813,117929,117532,117081,115865,115732,115841,117772,120134,123082,125611,127511,128723,130746,132621,134411,134932,136613,138179,140979,143140,145139,145405,145352,145423,146096,147590,148912,150265,149714,150479,150350,151854,151920,152614,152060,151465,151677,153258,156382,158507,159757,160592,161062,163043,163599,166021,165884,166134,164198,163407,162538,162227,161944,161533,161643,0.175414485,17.54144852
101,84613,102,60611,Zip,IL,IL,Chicago,Chicago-Naperville-Elgin,Cook County,456508,457513,452675,455309,452743,454828,447999,445169,438722,434920,429330,424400,420951,418047,417820,416872,418235,417634,419147,418245,417084,412434,411191,406695,404443,397405,399564,400836,405258,405901,405273,404483,403536,406045,408039,410035,414188,419114,424008,428190,433108,439561,444766,449222,451465,457479,459546,463801,465019,470837,473309,474109,474200,475154,474835,473391,473627,474233,473697,473500,473341,474822,477078,479961,481099,479685,478645,477468,475767,473436,472212,473743,476015,481050,483737,485047,483983,482676,482809,482307,482740,482884,485381,488028,491869,494813,497662,497615,496190,492980,491583,490727,491895,491290,491395,492070,495114,497067,496604,494380,492505,490639,488703,486334,485537,484133,483756,482806,481586,480262,478343,477626,476748,475865,475079,473847,473287,472962,472629,472332,471463,0.032759557,3.275955734
130,84619,131,60617,Zip,IL,IL,Chicago,Chicago-Naperville-Elgin,Cook County,122872,123613,121833,122669,122252,122810,120554,119067,116301,113974,111756,110038,109039,107208,106311,105296,105556,104885,105296,103860,103071,99835,97700,94259,91807,88834,88113,86845,86651,85461,84593,83262,82048,82068,81746,82054,83196,84637,85303,84727,83882,83498,83212,84281,84925,86669,87224,87835,86594,85609,84597,84938,85645,87229,88113,88580,89415,90796,92108,92492,92017,91810,91911,92664,93407,94861,97115,98927,99570,99268,99261,99719,100260,101588,103578,104897,106458,107395,109496,110163,110399,110422,111848,113141,114679,116872,119262,121164,120954,120286,119180,118847,119309,119989,120627,122283,124046,125376,125924,126606,127558,127965,127511,127819,128488,129180,128729,128229,128410,129848,131204,132101,132118,131934,132310,132578,132922,132577,132456,132692,133721,0.088295136,8.82951364
185,84622,187,60620,Zip,IL,IL,Chicago,Chicago-Naperville-Elgin,Cook County,154954,156577,155287,159686,160204,162940,160900,159171,156774,155083,152619,149521,146778,144256,142501,140243,138698,136670,137060,137019,137685,134804,132659,128395,126039,122225,123129,123200,125023,124481,123396,122462,119941,118168,116705,115839,116278,117111,116531,116091,115957,118094,120079,120224,120792,123694,124311,124255,121753,120764,119508,118405,118622,119240,119919,118864,118280,118502,120487,122300,122589,121523,121523,121188,122172,121873,123613,125620,127882,128780,129995,131377,132183,133499,133987,135427,136006,137446,138415,138421,137730,137937,138657,140813,142843,144950,146273,147234,147664,147233,146912,148257,150486,151943,151882,152272,153708,155717,156877,158082,158601,158489,157730,156623,155679,154119,153873,153834,155114,157256,160039,161081,160279,158629,156436,155378,154225,153912,153050,153521,155955,0.006459982,0.645998167
204,84635,206,60634,Zip,IL,IL,Chicago,Chicago-Naperville-Elgin,Cook County,251814,251828,248143,249483,247080,248626,243375,241584,237941,236068,232749,229388,226733,223238,221522,218478,217578,215106,215142,214297,213768,210776,209165,205306,203724,200719,202418,203406,204888,205029,203851,202556,201162,201619,202474,203478,205736,207776,209372,210473,212382,216148,220569,225003,228196,232292,234283,236702,237665,240826,243130,245010,247480,250780,254012,255772,257725,259758,261715,263184,263163,263181,263562,266069,268208,269016,269659,269852,269566,268876,269140,270979,272630,275475,277119,278434,278058,277697,277993,278616,279334,280561,282461,284797,287429,290132,293091,294962,295838,295113,294414,294327,295882,296641,297529,299353,302243,304480,304237,304286,304428,304242,303065,301887,302391,303288,304168,305076,306007,308148,309543,310508,309561,307999,306328,304868,303696,302271,301380,301369,301482,0.197240821,19.72408206
257,84629,259,60628,Zip,IL,IL,Chicago,Chicago-Naperville-Elgin,Cook County,114257,113441,111383,112074,111149,109891,107306,104958,103054,101215,98603,96926,95595,94632,93176,90731,88648,86712,87258,87549,86917,84038,81699,79078,77383,75359,74864,74028,73000,70853,68625,65900,63918,62989,62841,62318,61021,60246,59312,59022,58118,58562,59253,60794,61046,62062,61829,62528,62761,63194,62881,62590,64034,66242,68499,69992,70703,70433,69770,69607,70302,70386,70645,70803,71373,71989,71784,71951,71506,72128,73068,73250,73306,73399,74754,76458,77615,79516,80798,82076,82790,83451,84864,85835,86980,87584,89291,91314,93697,94371,94978,95262,96406,97093,98439,100600,102632,103978,104909,106793,108832,110381,111758,113326,115398,116568,117244,117517,118252,119742,120948,121152,120320,119617,118223,117213,116278,116690,116770,117134,118058,0.033267108,3.326710836
282,84647,284,60649,Zip,IL,IL,Chicago,Chicago-Naperville-Elgin,Cook County,135592,136774,135050,135637,136535,138565,137106,135952,134310,134609,133635,131021,127360,123316,122866,121362,122031,119531,119797,117413,115281,108542,104599,101980,101466,98819,98202,98609,99315,99313,99790,99424,98675,96469,96027,93564,92641,90948,91049,91004,92213,93877,95214,94668,92596,92936,95680,99578,102667,104140,105212,105665,105883,105935,106073,108092,111656,113268,111642,109849,109446,110148,110056,110677,111274,112321,111926,112317,112749,113597,114349,114117,114655,116202,118296,120113,122075,124687,127841,129845,130668,129935,129745,130217,132722,134993,137723,139347,139342,136826,133160,132727,133965,136041,134890,134309,134102,136289,136848,137691,138197,139619,138237,135952,135460,136990,138744,138995,139619,140982,142174,143267,142964,142504,141899,142655,144714,146644,146774,144871,144471,0.065483214,6.548321435
286,84628,288,60626,Zip,IL,IL,Chicago,Chicago-Naperville-Elgin,Cook County,220096,220831,218843,220462,218547,218998,213975,211692,207213,204237,199859,194263,188982,184090,183022,181099,180163,176957,174466,170425,167178,163513,161497,157988,155245,150460,148712,147558,147537,146550,145473,144698,144211,144091,144094,143510,144133,144749,145326,145883,147449,149842,152386,155697,157739,159692,159143,160129,160831,162993,164758,166795,169059,171297,172372,172726,173745,175128,176644,178238,179424,181008,182235,184208,185115,185687,185957,186352,186508,186400,186986,188668,190930,194348,196797,197775,197645,197436,197975,198143,198258,198567,199726,200993,202792,204882,207707,209774,210282,209691,208616,208022,208320,208139,208190,208598,210971,213481,214471,214835,215477,216613,217188,216987,216763,217268,218257,219596,219116,219212,218440,218818,218065,217715,217164,216634,216177,216339,216936,217518,218076,-0.009177813,-0.917781332
316,84624,318,60622,Zip,IL,IL,Chicago,Chicago-Naperville-Elgin,Cook County,419536,420512,418028,421111,420114,423198,417457,414424,408060,404559,399728,395473,392400,389821,389717,388891,389921,388436,389422,388125,386637,381379,380073,375537,373018,365902,367385,368829,372220,372069,370009,369427,368499,371774,372607,373615,377782,383830,389579,394154,399100,406216,412218,418340,422474,430182,434126,439477,440955,445921,448574,448866,449979,451581,451667,449353,450346,452068,453675,455128,457304,460635,462869,466194,468845,469058,469493,468989,468725,467956,467755,470750,474915,483521,488667,492019,490967,491087,492721,495309,497307,498741,501658,503882,506499,508023,511675,513780,514735,512924,511725,510767,511747,508738,506164,505908,512648,519006,520637,518676,517058,516173,514903,513255,513575,514362,517222,518637,516140,512873,509858,509661,508723,507936,507782,506933,506660,506207,506606,506860,508071,0.211030758,21.10307578
318,84618,320,60616,Zip,IL,IL,Chicago,Chicago-Naperville-Elgin,Cook County,313963,313825,309095,308642,306379,309237,305043,303030,297449,294741,289685,285736,282636,280442,279773,278689,279725,277571,277222,274508,273524,269553,267677,262769,259813,253380,253543,253521,255146,254078,252751,252655,254602,257181,257786,256212,257399,261006,265494,270120,274129,279291,283608,288163,291072,296688,299968,304083,303491,305766,306149,306595,306350,308196,309195,309291,309295,309827,310645,311618,311898,312947,314041,316512,317808,318091,318368,318700,318507,318084,317939,319762,323618,329299,333234,333570,331934,330571,331296,331791,331861,331594,333498,335987,338646,340658,343044,344275,344546,343246,342855,341972,342468,341825,342983,344576,348746,351970,353143,352454,351559,351760,351686,351542,350818,349617,349993,351316,351785,351795,352221,354350,355081,355844,355900,356550,356900,357419,357766,357194,357648,0.139140599,13.91405994
360,84617,362,60615,Zip,IL,IL,Chicago,Chicago-Naperville-Elgin,Cook County,254814,255155,252143,253493,252435,254466,250155,247868,242958,240894,236489,230665,223914,218496,216509,214890,214885,212426,211228,208710,208146,205323,203375,199093,196026,190350,188821,187639,188336,186776,184207,182420,181836,183452,185491,185343,187135,188494,191724,194033,195871,198296,200128,201359,201300,201991,202083,203694,204554,207639,209148,210663,210481,211884,211368,211468,211301,210320,208829,206976,205826,206199,206476,208102,208911,209538,210309,210907,210824,210728,211241,212757,214935,217713,220787,222004,222865,221926,222122,222545,223169,224230,224868,227101,230235,234330,238928,242076,243844,243082,242219,241625,242429,242292,242055,243079,246386,249396,250318,249728,249806,250520,250453,250312,250524,251477,253033,254172,254600,255018,254963,255221,254308,254326,254260,254242,253573,253232,252949,253118,253131,-0.006604818,-0.660481763
378,84641,380,60641,Zip,IL,IL,Chicago,Chicago-Naperville-Elgin,Cook County,294344,293876,290390,292361,291542,293776,289354,287461,282721,278588,272824,268184,264999,260839,258033,253203,251532,248907,249506,248204,246787,242750,241045,237433,236537,232623,234000,234767,237383,238436,238095,237834,237004,238697,240058,241482,242380,244007,245431,248380,253048,258969,264453,268583,271566,277568,281653,285357,286662,289783,293271,295965,298957,301869,302281,301414,301390,301664,301258,301246,301365,302566,304212,307064,307819,305987,304875,304690,304271,303484,303574,306129,308227,312281,314621,315901,314456,313104,313312,314289,316470,319272,322725,325519,328635,332516,337101,340375,341832,342186,343530,345369,347373,347110,346934,348754,351855,355374,354686,354410,352537,351183,348931,346825,346333,345352,345852,346427,347171,348734,349166,348453,345722,343641,341942,340002,337969,335982,334857,334440,335253,0.138983638,13.89836382
401,84656,403,60660,Zip,IL,IL,Chicago,Chicago-Naperville-Elgin,Cook County,246561,247206,244280,245521,243858,244546,239330,236196,231631,228537,224110,218805,214988,211347,210787,208724,208791,206746,206100,203921,201501,198068,195163,192184,190785,188031,188799,188839,189852,189477,187529,185954,183748,183856,184383,184958,186827,188800,190474,191550,192741,195102,197317,200836,203572,208024,209720,212211,213132,215161,216534,217324,219022,220894,222194,222168,222721,223379,224467,225958,227411,229159,230321,232251,232990,233162,233304,233391,233346,232514,232123,232746,234171,237244,238921,240063,239496,239442,239431,239435,239814,240859,243427,245881,248184,249982,252068,254025,254837,254811,254383,253665,253842,253369,253961,254866,258077,261426,262588,262514,262019,262444,262670,262297,262481,262734,263938,265173,264345,263707,262617,262960,262668,262288,262090,261648,261122,260454,260510,261001,261727,0.061510133,6.151013339
465,84637,468,60637,Zip,IL,IL,Chicago,Chicago-Naperville-Elgin,Cook County,210180,207113,202005,203385,202110,203733,198990,195029,189622,186992,182477,177099,172559,171352,172125,173098,173819,172667,168801,164838,160637,157268,151518,144520,139968,136945,136377,133922,132157,129578,127076,124391,121953,121389,121366,121363,121111,120126,118785,117171,117287,117741,118232,116558,115147,114911,113961,114676,113736,114125,112803,112529,112315,112538,112632,112334,112927,112200,112262,111240,110323,109267,108824,108544,109482,110791,112987,115836,117061,118190,119079,120984,121658,121768,122271,124186,125059,125540,125426,125717,126488,126800,128465,129367,132319,133594,136389,137323,139105,140335,142284,144220,146193,147496,148348,148596,150031,151424,152947,153562,154052,154273,155243,157129,158477,159062,159518,160865,161376,162562,162834,163837,162536,161261,160373,160241,161093,161398,161754,161576,162177,-0.228389951,-22.83899515
501,84610,504,60608,Zip,IL,IL,Chicago,Chicago-Naperville-Elgin,Cook County,257166,255709,252209,253531,252160,253336,247795,245360,239848,237025,231071,228618,227113,225563,223102,220640,220085,217979,216346,212733,210137,204331,202437,198428,197397,192938,193214,194655,196770,195859,193403,192609,192666,194033,195172,196514,198151,199480,200267,201169,202106,205972,210683,215658,218105,223232,225988,229086,228920,230367,230349,228800,228309,228819,229603,229706,232442,234844,236652,237071,237798,239315,240711,242749,245037,246024,246692,246656,246110,246268,246269,247732,250690,255553,260566,263237,263261,261664,260685,260998,262748,264630,266595,267801,269932,272683,276512,277681,278416,278018,279095,278988,279517,278633,279780,281445,285988,290212,292664,293506,293355,294705,296121,298002,299169,300502,301211,302226,301811,303068,304037,304789,303491,301566,300051,298526,297428,296168,296034,295243,295589,0.149409331,14.94093309
732,84638,734,60638,Zip,IL,IL,Chicago,Chicago-Naperville-Elgin,Cook County,211580,211337,208360,209027,207122,208492,204855,203438,199986,198061,194734,191365,189632,187240,186056,183211,182545,180461,179900,177437,175676,171829,170675,168091,168092,165280,165883,165784,166562,166029,164114,162952,161617,162277,163670,165142,167172,168325,169609,171409,173306,176491,178744,181767,183068,185754,185896,187078,187150,189345,190280,190364,190455,191595,192754,193214,193881,194735,195314,196338,196942,198239,199703,202514,205359,206915,208050,208363,208434,208272,208172,208975,209724,212234,214381,216044,216400,216258,216527,216663,217405,218937,221050,223489,225726,228146,230264,231642,231986,231662,231393,231967,233286,234618,235740,237174,238894,240586,240690,240167,240247,240548,241390,241166,241978,242495,243196,243697,243019,243253,242655,243596,244131,245143,246548,247980,248892,249097,248849,249196,249703,0.180182437,18.01824369
772,84639,775,60639,Zip,IL,IL,Chicago,Chicago-Naperville-Elgin,Cook County,183836,183336,180706,181719,180678,183059,181518,180980,177895,175137,172978,170718,168414,165781,164687,163485,163141,162217,162150,161152,160435,157910,156574,153746,153268,151921,154334,155208,156240,155208,154113,153673,152681,153797,154041,154895,155225,156236,156326,157651,158441,161669,166937,172169,176677,179809,181004,182261,183211,186078,188158,188167,189558,190820,192956,193472,194486,194582,195811,197224,198581,199405,199793,201465,203674,204793,205784,205054,206100,207108,209545,212530,215946,219581,221507,222983,223672,224208,224739,225741,227046,228485,230944,234208,237860,241291,245486,249252,252041,252592,253092,253652,254674,254675,254513,255339,258191,261966,263851,265390,266088,267879,268781,269122,269552,269315,269801,270512,270812,271186,271390,272294,272745,272232,270843,268789,267339,265833,265092,264543,264641,0.439549381,43.9549381
857,84631,860,60630,Zip,IL,IL,Chicago,Chicago-Naperville-Elgin,Cook County,291637,293410,292006,293840,291685,293869,289882,289112,283475,280031,274814,271082,267800,264875,264345,262434,263478,262615,264536,263643,263745,259849,258364,253486,252692,248713,250340,250312,252123,252207,252252,251929,250558,249624,249093,248820,250366,252805,256387,260055,263766,266847,269441,272193,275710,280518,281459,282826,283202,287072,289142,291800,295766,299924,302294,302258,303397,304672,306792,308790,309063,309773,310034,311807,311608,309897,309051,308360,308179,308125,308335,310839,312965,317622,319707,321794,321281,321628,321780,322834,323840,325724,328568,331177,334033,336238,339384,340562,340784,339404,339348,338892,339348,339351,340022,342808,345080,347775,347001,346964,346006,344831,342756,341044,341536,342586,344864,346107,346876,347087,346525,345196,343397,341761,340282,338842,337649,336769,335996,337048,339007,0.16242795,16.24279498
899,84642,902,60643,Zip,IL,IL,Chicago,Chicago-Naperville-Elgin,Cook County,201763,202405,200442,201768,201047,202096,197578,194594,190271,188485,185570,182973,179714,176181,173925,172285,172221,171222,170983,170219,169414,166412,163743,158917,156631,152731,153908,153696,154723,153403,152282,152297,151901,152207,152164,153402,154831,155730,154309,153033,151748,152856,154005,153604,152223,153026,154207,156290,156975,158974,160178,159473,159426,160498,161518,160497,159230,158644,159280,159578,158508,157422,157113,158679,160060,160228,159726,158909,158125,157565,156959,156581,156060,157875,159678,161504,161777,161670,162343,163381,164745,165194,165382,166146,168165,170643,172950,173864,174500,174028,174427,174822,176213,177058,178190,179188,180361,181517,182241,183020,183832,184611,185357,185720,186928,187940,188614,188806,189355,191310,193110,194645,194254,193627,192910,193024,193207,192931,192136,191048,190770,-0.054484717,-5.448471722
1113,84625,1119,60623,Zip,IL,IL,Chicago,Chicago-Naperville-Elgin,Cook County,199088,186541,174905,167730,165286,163034,157433,152108,149143,147180,141767,135002,128423,127507,127371,127006,124806,125028,128922,130248,128664,123500,119569,116445,114802,112197,111094,109785,109434,107753,104855,101201,98551,99005,101026,101924,102691,102121,101190,100479,99961,100710,101453,104635,106226,104714,99057,94845,91943,92858,92524,93327,93804,95868,97777,98387,100095,101061,101194,101781,101206,102280,102167,106013,108965,110665,109076,108660,107573,109375,111192,115575,119986,122998,126635,127146,127853,127564,127090,126989,125322,124153,124149,125124,127558,127592,128058,128354,130484,131364,132153,133201,135010,137764,141209,147230,153615,158395,161163,162766,164210,164171,164395,165020,167205,169911,172773,174498,174590,174317,175648,175783,174391,171570,170008,170651,171932,173509,175756,176976,178257,-0.104632122,-10.46321225
1137,84633,1143,60632,Zip,IL,IL,Chicago,Chicago-Naperville-Elgin,Cook County,156663,155301,151965,152186,152297,153679,151491,149858,147796,146486,144005,141338,139190,138003,137170,135720,134678,133511,133243,132463,132111,129520,128238,124843,124096,120970,121325,120407,120672,119459,118151,117429,116424,117261,117847,118632,119915,120948,121377,121052,121425,123686,126987,130592,132254,133110,132057,132758,133116,134830,135439,135963,136436,137430,138685,140069,142345,143970,144964,145908,146543,147565,148858,151160,153300,154411,155483,156665,157322,158386,159598,161480,162373,164502,166312,168405,169485,170542,171956,172947,173560,174277,175825,177408,178746,179890,181829,183527,184051,183964,183722,183435,183981,184454,185980,187473,189110,190605,191098,191938,192927,194322,195260,195045,195317,195402,196088,196526,196428,196286,195925,196739,197802,198602,198495,198556,198622,200355,202192,204304,205882,0.314171183,31.41711827
1230,84607,1238,60605,Zip,IL,IL,Chicago,Chicago-Naperville-Elgin,Cook County,342244,345516,343589,347338,345738,349667,344062,341683,335793,332551,327255,326351,326095,325333,323374,322335,324513,325410,326170,325545,324850,322559,322569,319158,317963,312065,311962,310904,312789,313957,314006,313634,313859,316044,317280,315848,317071,320122,324658,329902,335694,341401,345672,350112,354120,361100,364677,369368,369362,371988,372973,372877,372673,373174,373565,372710,372900,373990,374852,375428,375191,376588,378806,382447,384505,384372,384488,384103,383946,382858,381821,382393,383883,388077,392202,394280,394160,393030,393153,392856,392734,393384,396359,396672,397956,398514,401854,402394,402194,401124,401175,401001,401978,402106,402999,403859,406900,409477,410194,408822,406946,404628,402657,400270,399028,396990,396754,396874,395311,393895,392367,393776,394174,394715,395099,395081,394893,394648,394876,395210,394769,0.153472376,15.34723764
1513,84611,1525,60609,Zip,IL,IL,Chicago,Chicago-Naperville-Elgin,Cook County,174365,171708,165692,166588,164199,164939,160545,156372,153748,151361,148203,143263,140654,138888,137594,135144,133641,131366,130312,130737,130909,129552,127794,125243,123250,120446,120225,120040,121134,120681,119629,118412,117511,116849,115118,113386,112783,112716,113162,113570,114310,117373,120990,123124,123466,124307,125608,126233,125487,125147,124828,124971,124475,123590,122477,122036,122744,122726,122457,123186,124248,125991,126966,128055,129918,131207,134455,137097,139292,139723,140351,141638,143068,144959,145487,145305,144141,143770,144188,144352,143811,143931,144698,146477,148430,150235,151713,152365,152961,152959,152204,152323,153305,155154,157395,161441,165574,168780,170842,171883,174398,176726,179128,180403,181838,183998,186311,188146,189727,189978,189682,189372,188652,187203,184895,183654,183849,185805,188328,189663,190357,0.091715654,9.171565394
1612,84644,1625,60645,Zip,IL,IL,Chicago,Chicago-Naperville-Elgin,Cook County,260775,260899,257694,259019,256777,259056,255298,254653,250906,248878,244686,239275,233663,228898,228013,227576,228532,226942,226738,225020,223058,219216,217586,214829,214352,213391,217210,219958,222260,221921,220639,219905,220504,222557,223754,224533,226061,227797,227903,228413,230021,233934,237840,241048,243221,244964,244213,244660,244683,247447,249074,251221,253689,256217,257479,257547,258421,259678,261505,263406,264961,266307,268028,270280,271884,271731,271982,272351,272707,272529,272853,275262,278681,283704,286960,288534,288821,288985,290100,290362,291383,293341,296286,298946,301804,303888,306377,307149,307883,306235,304901,303520,304228,302871,302159,302135,304657,306229,306252,305741,305549,305771,305712,305716,305943,306213,307497,308770,309415,309726,308989,308507,307080,306597,305829,305925,305889,306957,307684,308734,309809,0.188031828,18.80318282
1614,84651,1627,60654,Zip,IL,IL,Chicago,Chicago-Naperville-Elgin,Cook County,319595,320180,318450,320578,319753,321289,316212,313646,310446,308655,305559,303068,300879,300011,299977,300993,302314,302553,302930,302654,301655,298254,296913,292799,291062,287066,289480,292063,295269,296300,296564,297565,298514,301875,304323,306719,309402,312799,316542,321123,327485,334599,341512,346755,351037,356468,359215,362916,363327,366874,367948,369163,370478,372784,373151,372462,372181,372975,372641,373467,374468,376895,379693,382754,384579,385138,386225,387245,387501,386523,386460,388242,391047,396194,399513,402224,401812,401786,401979,402432,402614,403665,406442,409862,413880,416680,419457,418807,416860,414161,412839,412405,413053,412394,412388,413229,416369,419460,420630,419892,418367,415828,413703,411486,411140,410750,411908,411537,410664,409500,408349,408168,407688,407395,406757,405732,405339,405166,404616,403986,403558,0.262716876,26.2716876
1668,84648,1681,60651,Zip,IL,IL,Chicago,Chicago-Naperville-Elgin,Cook County,167661,168997,170347,172547,172056,172027,167646,166692,166468,166344,163867,158313,153215,151368,150964,151034,151349,151592,152578,150366,148192,143725,143039,139145,137683,132157,131599,130654,131709,130211,127482,124774,122874,122165,122836,121046,120208,117115,116842,116846,117370,118027,121246,125476,128681,129230,127234,127041,127284,129529,130560,130554,131090,133164,136334,138582,139929,140336,140563,141840,143494,146621,148885,151954,153814,154437,154538,155048,155891,157343,157910,159910,159584,161378,161189,161897,160609,160013,160770,161667,162666,164016,165477,169214,171852,175899,177842,179592,179202,178725,179002,180347,182928,185031,187514,190637,194789,199493,201688,204482,206589,210129,209534,209126,207866,210110,212981,215466,216618,217207,218429,220309,222506,224097,224986,224397,222933,222024,222585,224336,224660,0.339965764,33.99657643
1881,84650,1896,60653,Zip,IL,IL,Chicago,Chicago-Naperville-Elgin,Cook County,269863,266870,261201,261402,259369,262076,258213,256290,250870,249528,244889,237309,227374,219872,216973,215423,214195,211181,207705,203875,201374,196682,192016,185596,181457,175466,172329,171609,173725,175561,176113,176830,177478,179926,181802,182805,185830,190706,196157,196166,192856,191734,193950,196104,196864,195998,195253,193619,193899,196766,199117,200664,201263,204852,207400,211162,214566,216758,216969,215762,214104,213693,212989,213986,213665,212384,212326,214636,216703,217516,217416,220049,224624,230099,234779,235389,234735,231841,231745,232575,233219,234883,236573,240904,245508,249594,254359,257698,260834,261384,262130,261310,262117,261417,263648,266788,272069,275708,276511,275602,275273,275322,274979,273340,273193,273250,275700,278071,280329,281458,282246,283120,283249,282699,282088,281832,281187,282118,283293,284938,285370,0.05746249,5.746249023
2041,84643,2056,60644,Zip,IL,IL,Chicago,Chicago-Naperville-Elgin,Cook County,174082,171375,168081,166941,165014,162476,153610,150007,150151,153743,152373,148263,143393,142673,142084,142335,142384,141192,141258,138573,136332,131118,126840,123953,124736,124953,125937,124700,123752,121366,117090,111525,107393,106170,106070,103794,102979,102350,103212,103379,101067,99630,98608,102073,101278,99589,96070,96741,95658,95807,94435,93423,92315,92178,93899,94948,97272,98046,97801,96623,96401,96197,97560,99199,102787,103857,106231,107552,110721,113469,116610,119686,122030,123948,124840,125692,126311,126480,126493,125568,123236,121292,121309,120628,120619,120737,123328,125830,126873,127316,127708,130143,132419,134706,135608,138338,141205,141756,141555,140861,144339,147722,152125,154972,157636,160184,163739,166164,166673,166190,166173,166793,167144,168519,168315,168154,167121,167818,168770,170057,170652,-0.019703358,-1.970335819
2245,84609,2261,60607,Zip,IL,IL,Chicago,Chicago-Naperville-Elgin,Cook County,319355,320169,318644,321590,320592,323226,318358,317035,312539,309729,305580,302265,300868,299962,299802,299677,300793,300179,299396,297589,295965,293184,291781,288675,286481,282057,284260,286299,289306,288291,286825,286678,286647,288949,289407,290669,293729,298159,302733,306610,311122,316464,321372,324599,327265,333027,337203,341758,341870,345146,345882,346320,346487,348049,349380,349604,351264,352344,352510,352388,352602,354204,356604,360327,363685,364775,364658,363657,362842,362482,362912,365095,368329,373994,378025,380691,380529,381073,382533,384811,386245,387122,389421,392037,395890,398645,403270,406269,409212,409098,410683,411542,414942,415382,417163,418883,422886,425613,425930,424522,422316,419603,416647,414326,413131,412528,413321,414022,413129,411265,410817,411523,412513,412030,411872,411402,411407,411446,411634,411905,412114,0.290457328,29.04573281
2565,84614,2586,60612,Zip,IL,IL,Chicago,Chicago-Naperville-Elgin,Cook County,269116,266790,264715,267020,265220,266626,262022,260612,254192,249901,241795,234916,229416,224591,221323,215865,213443,209070,206155,201172,197179,192162,190462,186606,185622,180358,178439,175958,175568,175023,172478,170342,168353,168717,168560,168248,170240,172541,174416,174918,176724,180553,184227,189100,192295,197104,198508,200506,200986,203420,205679,206273,205870,205721,205585,205575,207443,210089,212747,214238,215116,217524,219191,222249,224828,227140,228791,228949,229595,230303,231918,234523,237441,241731,245269,248315,249320,248308,247095,246130,246050,246861,249796,253096,256143,258825,263276,266845,270606,271078,273236,273732,276062,275430,276005,277679,282525,286327,287754,288013,288014,288558,289045,289091,289780,290068,290947,292367,292065,292907,292485,293627,293477,292958,292377,291880,291769,291366,291082,291820,292278,0.086066975,8.606697484
2872,84655,2896,60659,Zip,IL,IL,Chicago,Chicago-Naperville-Elgin,Cook County,294361,294264,289348,290998,289601,293669,289010,287963,282945,280110,274684,269580,265006,260442,258157,254973,253840,251282,252064,251349,249938,246424,244714,242170,240790,238465,241018,243113,245626,246699,246674,246937,246710,247959,248549,249660,251795,253760,254556,256490,259307,263397,265706,268408,270016,275048,277208,281813,284268,289050,291649,294058,297599,300270,301649,299990,300039,298777,299633,300108,301594,303101,305184,308246,309251,308476,307696,307199,307670,308115,309975,312935,316563,321801,325249,326478,325719,325386,327238,328276,330213,332164,335747,337588,339914,341570,345324,346613,347390,345409,343814,341722,341831,341626,342442,342738,344702,346630,347708,347306,345970,344266,342682,341727,341166,340486,340929,340979,341297,341203,340941,340406,338785,338024,337158,337765,338834,340539,341303,342379,343668,0.167505206,16.75052062
3108,84649,3138,60652,Zip,IL,IL,Chicago,Chicago-Naperville-Elgin,Cook County,191722,191069,188191,188847,187999,189360,185776,183388,179458,176229,172218,168579,166686,164736,164397,163155,163310,162032,162777,162648,161782,158835,157525,155757,155244,152440,152519,152563,152515,150554,147251,145790,145005,145646,145952,146081,147105,147552,147853,148616,149615,152152,154340,156185,156876,158121,158372,159186,159378,160776,161819,161679,161758,162410,162817,162344,162014,162244,162957,163692,163959,164618,164561,165005,166080,167050,168820,170206,172037,173316,174348,175928,177228,179754,180310,181051,180638,181251,182078,182409,182863,183373,184493,186239,188431,190846,193249,194510,195380,195160,195390,195790,197004,197559,198260,199069,200097,200403,199703,199071,198501,197948,197019,196178,196633,197867,199590,200916,200525,199945,199551,200289,201293,201463,201709,201921,202610,203419,203439,202889,202907,0.058339679,5.833967933
3444,84632,3479,60631,Zip,IL,IL,Chicago,Chicago-Naperville-Elgin,Cook County,333908,334145,330136,331932,330113,334037,330679,330698,325760,322478,316697,312966,311291,310010,309810,305573,305227,303159,306205,306088,305954,301388,299549,294712,293347,290639,293757,296259,297312,296005,293133,292490,292715,294823,296869,297202,300170,302984,306293,309390,313050,318717,323423,328946,332486,335081,334200,334727,336271,339615,341426,341862,344003,347141,348326,346749,345625,346606,349190,353031,354318,354863,354075,356461,357847,357605,357478,357355,357423,356523,355957,357680,359429,363926,366142,367649,365889,364871,364404,364616,364858,365449,366642,370068,374385,378662,382109,384209,385749,384162,382425,381401,382915,383048,382741,382890,384142,386446,385909,386047,384924,383746,382215,380620,380740,381327,382580,383298,382820,382773,382175,381378,380339,378574,376651,374488,373261,373383,372449,371893,370690,0.110156091,11.01560909
3466,84653,3501,60656,Zip,IL,IL,Chicago,Chicago-Naperville-Elgin,Cook County,282602,283095,280031,280634,278223,279798,275497,273865,268878,265701,260941,257103,254495,251877,251192,248337,247985,246897,249208,249772,249729,246433,244841,241206,240288,237489,239263,239290,240116,237891,234793,233338,233561,237519,240298,241759,243042,244136,245880,248564,251692,256742,260124,264834,268187,272173,273627,276007,277738,280711,283083,285083,287831,289978,291547,290853,290300,289761,290577,292330,292910,292865,292344,293900,295112,294807,294780,294738,295207,295187,295586,297799,299528,303178,304941,306472,306326,306348,307247,308479,309884,311311,312955,314759,317222,320186,323439,324967,325210,324187,323765,322676,322528,320922,320274,320708,322401,323938,323661,324040,324645,324918,324523,323215,323514,323426,324130,324409,324852,326022,326531,326386,325368,323718,322651,321062,320264,319670,319108,318940,319535,0.130689096,13.06890963
3476,84626,3511,60624,Zip,IL,IL,Chicago,Chicago-Naperville-Elgin,Cook County,156929,153871,152161,150697,147767,145906,139416,134641,130577,128650,123948,116452,108546,105726,103969,102902,100806,101201,101068,100055,97738,95745,96380,97036,100597,99840,99915,97841,97066,95646,94069,92236,91695,91089,90487,88210,87183,85761,84856,85220,85921,86158,86515,87475,88725,88211,87215,88388,88746,90278,90870,91264,92018,92512,94752,94676,94509,92635,91776,91388,91528,92501,94063,94807,94899,94621,95965,97359,100184,103452,107706,110788,113120,114306,113462,112264,112022,114679,116901,117492,114642,113226,113391,115789,117333,117872,118435,119586,122437,123339,125137,126687,128281,127712,125907,127288,130969,135267,138762,142115,145546,148670,150326,152146,154420,158656,162153,163753,162518,161925,163159,165260,167369,168467,168232,168148,167934,168278,168768,169773,171085,0.090206399,9.020639907
3984,84623,4023,60621,Zip,IL,IL,Chicago,Chicago-Naperville-Elgin,Cook County,101754,102233,102747,102047,101087,101952,103791,104269,105973,108131,108686,107926,104873,104579,100974,98829,96395,95759,93048,90807,89062,88333,86636,82890,79523,75586,72384,69049,66940,65138,63156,60255,57491,56521,55272,53659,50882,48285,46850,47433,48088,47200,45330,43529,42382,41647,41419,41628,41226,40723,40592,40148,39945,38892,38607,38238,38712,39130,39901,40768,41998,43260,44568,45133,46001,47393,49502,50973,51182,51695,52191,53751,54264,54671,54215,53561,51743,49326,46081,44397,42688,41826,41169,41416,41779,41864,41751,42267,43236,43792,44123,44763,46541,48209,48933,49583,49906,50491,51437,52544,52961,52408,51741,51441,51181,50478,50200,51190,52110,53371,53593,55278,55933,57273,56844,57639,57536,57511,57588,58036,59731,-0.412986222,-41.29862217
4169,84603,4211,60601,Zip,IL,IL,Chicago,Chicago-Naperville-Elgin,Cook County,422366,420662,413407,414309,410902,411385,404554,401589,396647,393987,388969,382972,378938,375469,376260,376945,379981,381195,382880,380958,377975,372240,369741,365069,361707,355327,357857,361038,366091,366925,365531,364218,362549,364554,366238,368697,371596,375489,377922,381785,385598,393870,400960,409166,414013,419265,420721,422497,424299,428692,431577,431367,431309,431032,430261,428927,429423,431502,431832,433070,433984,436134,438651,440923,442191,440778,439693,438307,437096,435535,435841,438832,443147,449022,452015,453521,453218,453130,453555,453510,453276,454020,457033,461438,467187,470722,472939,471535,469250,467108,466060,466447,467315,467088,466851,467904,471371,473816,473635,471674,470166,467961,466183,462734,460701,457829,457678,458389,459092,459773,458640,457933,456003,453311,451107,448843,448763,448045,447455,446669,446290,0.056642817,5.664281689
4342,399713,4387,60642,Zip,IL,IL,Chicago,Chicago-Naperville-Elgin,Cook County,390653,391866,390137,392526,391268,394316,388832,386666,380349,376790,371521,366661,364307,363078,364390,364130,365233,364353,365207,363849,362432,358064,356609,351723,348770,340426,341562,342132,345549,344251,342379,343086,343386,346754,347236,348254,352472,358663,364850,368671,371819,376027,379511,383410,386277,394603,399738,405961,406878,411634,414016,414509,415355,416905,417338,414794,415169,415736,416401,416666,417442,419979,422737,426947,430671,431755,432518,431878,431528,430565,430580,434002,438611,447328,452014,455566,455213,456716,459447,462678,464528,465752,467872,470190,472727,475586,480057,483443,485092,484339,483815,483580,484459,481957,479880,480012,486305,491578,493002,491266,490309,489641,488725,487374,487924,488669,492411,494794,493149,489852,487013,487109,487110,486587,486231,484141,482728,481904,481691,481545,481539,0.232651484,23.26514835
4387,84652,4432,60655,Zip,IL,IL,Chicago,Chicago-Naperville-Elgin,Cook County,238925,238730,235091,237222,236023,237395,232874,230718,225948,223489,219948,217738,215663,213512,213019,212816,214302,213752,212837,210479,208722,205555,203653,200360,200561,198404,199327,198205,198161,196693,194323,193465,192534,194079,196409,199115,201431,201933,202403,203698,205595,208225,210838,213575,215712,217567,217162,216453,215669,216657,218060,218003,219253,221469,222864,222095,221150,220892,221081,221378,221539,222476,223615,226240,227847,228296,229073,229928,231263,230269,228863,228146,229318,233575,235864,236560,235869,235385,236249,235875,235462,235693,236978,238908,240515,242385,243861,244444,244263,243661,243520,243510,244949,246569,248015,249676,250793,252178,252330,252390,252367,252620,253838,254787,256057,256846,257912,258585,257347,257013,256658,257644,257527,257036,256567,256173,255883,256026,255832,255633,255822,0.070720938,7.072093753
4434,84645,4481,60646,Zip,IL,IL,Chicago,Chicago-Naperville-Elgin,Cook County,376660,377080,372584,374029,371013,373516,369339,369113,364088,360266,354152,350479,348957,346614,345900,342092,342358,339935,341815,341674,341172,336851,334784,329855,330362,329384,336373,341367,345556,346743,345770,345924,345118,346622,347611,348546,351515,354464,357042,359931,364151,370172,375559,380333,384298,387243,387195,388097,388657,391765,392814,393296,394398,396342,397036,394707,394036,395241,398556,401856,402201,402112,401756,403845,405154,403695,402230,400703,399399,398263,397619,399170,401055,405939,409106,411397,410679,410361,410493,411021,412490,414508,417005,420151,423608,427792,432196,434588,435230,433515,431868,430482,430718,429547,429245,429890,432489,434961,434450,433551,431479,429026,426673,424328,423810,424529,426655,428585,428202,427770,426179,424969,423683,422573,421994,420511,419837,419242,418710,417977,417382,0.108113418,10.81134179
4449,84636,4495,60636,Zip,IL,IL,Chicago,Chicago-Naperville-Elgin,Cook County,81552,82974,86621,91458,92293,92424,91192,91825,92023,91502,89554,88140,86003,84535,81363,78204,74534,71130,68800,67830,66750,65547,63772,62278,60204,58887,58389,57341,56167,55376,54977,53914,52180,51475,51043,49442,47196,44819,43651,43883,43863,43984,43476,43648,44242,45305,45711,45286,44250,43916,44446,45382,46011,45662,45500,44875,44544,43209,42810,42574,43555,44451,44641,44501,44610,45782,47496,49777,51474,52302,52543,54391,55414,56398,55913,55985,56401,58359,59700,60681,59492,59124,58201,58415,58784,59440,60379,61356,63331,63653,63857,62808,62290,62078,62126,63219,64017,64983,65725,66493,68210,69439,70988,70764,72091,73416,75445,77006,77802,78873,78561,77636,76153,75353,74389,73248,72944,72549,73608,73770,76272,-0.064743967,-6.474396704
5871,84657,5928,60661,Zip,IL,IL,Chicago,Chicago-Naperville-Elgin,Cook County,293974,294888,294640,297932,298066,299941,295286,293247,288960,286113,281908,278887,277708,276752,276815,277108,277746,278019,276809,276129,273867,270511,268097,264915,263539,261319,263656,266138,268846,268356,267645,268293,269112,270450,270639,271570,275420,279314,283498,286838,290790,296692,302703,307411,310637,316353,320740,326300,327761,331166,331116,330299,329697,330627,331292,331147,332192,333611,334016,334063,333873,335575,337540,340254,343261,345161,347108,347723,348852,349159,349396,351036,352639,357216,359759,362497,362375,362343,363192,364464,365590,366772,369379,371077,373167,374284,377582,378516,379240,377799,378502,380087,383223,384486,385839,388516,392759,395217,395533,394194,392486,389572,387269,385183,385462,385457,386736,386976,385539,383799,382182,382697,384017,384627,384058,382597,381724,381910,381880,382049,381413,0.297437869,29.74378687
8974,84634,9084,60633,Zip,IL,IL,Chicago,Chicago-Naperville-Elgin,Cook County,123568,123948,122231,122885,121928,122737,120989,120315,118002,114493,111289,108120,106879,105101,104368,104540,105518,105701,105280,103014,101428,99054,98386,97224,96007,93835,92689,91832,91491,91334,90138,89106,87157,85868,85094,84435,84606,84139,83254,82713,83318,84392,85551,85641,85588,85649,84548,84029,83057,83594,84587,86054,87597,88148,88423,88624,90323,92282,93411,93672,93528,93246,92583,91433,91027,90753,91626,92711,93781,94465,94762,95070,95138,96258,98326,100459,101893,102651,103771,104326,104362,104733,106169,107667,109113,110913,113389,114116,114192,114093,114771,115477,115850,116365,117011,118283,120304,121817,122633,122420,122054,122321,122657,123245,123266,123803,124343,124462,124796,125314,126851,127479,127530,126604,126184,126162,126529,127573,128643,130043,131073,0.060735789,6.07357892
11828,84608,11990,60606,Zip,IL,IL,Chicago,Chicago-Naperville-Elgin,Cook County,323034,325340,323966,325209,323684,324801,319622,315741,310768,307599,303370,300033,297116,295913,295034,296259,297856,299403,300648,300281,298509,294099,291295,286354,282590,277107,276586,277391,279607,280482,280618,282089,283866,286480,287336,287476,289674,293137,297872,301433,305822,310183,314751,319104,323305,331601,336492,342665,343757,346980,346616,345191,344584,345861,345931,343869,342139,342037,342629,343756,344838,346577,348704,351804,354017,355058,356257,356312,355742,353724,352786,353977,356700,361811,365833,368718,369315,368779,369747,371842,375264,378111,381849,384318,387061,387443,389068,387757,386421,383147,381158,380472,380998,381151,382126,385871,391700,395431,396289,394771,393657,391719,389978,388899,388411,388080,386558,384582,381032,378122,375398,374115,374224,374852,374720,373250,371226,370162,370048,370390,371034,0.14859117,14.859117
18212,84604,18836,60602,Zip,IL,IL,Chicago,Chicago-Naperville-Elgin,Cook County,490641,494633,487728,487457,487953,492253,489012,486516,481930,480316,475689,473915,473307,470024,468250,467176,472281,474486,476646,476133,474233,470052,471881,469649,469772,466431,471910,476817,479135,484061,488023,491679,489928,486016,476263,464178,457375,462007,470412,478463,486010,493961,506426,519091,529191,535289,536749,540517,542273,544379,547020,546390,547163,542613,538265,534483,535306,539922,544887,549415,551614,553233,558324,563346,566615,565792,566383,567241,568252,569494,571021,574085,577188,581308,583224,582550,581223,578740,577711,572925,573158,575817,583527,586295,590766,592998,595844,592637,589719,586595,585216,582646,583799,587706,594127,599378,604114,605357,604324,600325,594687,588360,583449,579452,575723,571600,571136,573124,572773,570712,564918,560823,557966,556538,553464,548895,545602,546726,547373,548321,546389,0.113622791,11.36227914
18879,84605,19621,60603,Zip,IL,IL,Chicago,Chicago-Naperville-Elgin,Cook County,,,,,,,,,,,,,,,,,,,,,,,,,,,,,,,,,,,,,,,,,,,,,,,,,,,,,,,,,,709949,711265,716416,714980,715493,711857,719291,718650,719329,715537,717512,716974,720132,726192,736674,743142,742622,737999,735998,735349,735637,732900,731732,730369,734929,742428,751217,753806,755195,751528,748636,741776,737991,734799,732906,732186,730604,731171,734534,737157,737567,734048,735733,734607,734448,728724,723875,716485,712280,710719,711469,707576,704262,698455,697649,694442,691514,686254,683110,681995,686015,689039,692012,689925,,
20218,84606,21208,60604,Zip,IL,IL,Chicago,Chicago-Naperville-Elgin,Cook County,,,,,,,,,,,,,,,,,,,,,,,,,,,,,,,,,,,,,,,,,,,,,,,,,,,,,,,,,,461196,460062,460070,458506,458471,459272,464235,464113,465066,464249,470686,472877,470989,467652,467022,470053,476339,478523,482888,480093,481150,476946,476028,473976,472897,473012,479304,487260,494539,493611,495125,495149,501332,502788,505357,504610,504853,506350,509641,513061,516261,515351,515624,511685,509408,503419,501758,497773,495894,495295,496162,492095,484379,477128,476796,476570,477032,475940,476386,476352,477178,477455,478275,480655,,
