,census_tract,median_household_income_in_past_12_months
0,101,"32,474"
1,102.01,"45,639"
2,102.02,"41,486"
3,103,"41,250"
4,104,"39,700"
5,105.01,"39,730"
6,105.02,"39,388"
7,105.03,"18,516"
8,106,"50,882"
9,107.01,"60,167"
10,107.02,"44,583"
11,201,"48,841"
12,202,"94,115"
13,203.01,"56,973"
14,203.02,"77,500"
15,204,"65,917"
16,205,"44,926"
17,206.01,"38,177"
18,206.02,"57,045"
19,207.01,"97,250"
20,207.02,"49,167"
21,208.01,"54,052"
22,208.02,"46,219"
23,209.01,"52,254"
24,209.02,"39,484"
25,301.01,"48,207"
26,301.02,"42,123"
27,301.03,"57,985"
28,301.04,"35,988"
29,302,"74,434"
30,303,"41,109"
31,304,"57,500"
32,305,"90,955"
33,306.01,"34,861"
34,306.03,"42,059"
35,306.04,"47,500"
36,307.01,"39,464"
37,307.02,"58,299"
38,307.03,"43,553"
39,307.06,"43,512"
40,308,"95,688"
41,309,"107,148"
42,310,"82,902"
43,311,"78,822"
44,312,"41,389"
45,313,"39,064"
46,314,"70,237"
47,315.01,"36,917"
48,315.02,"28,403"
49,317,"56,448"
50,318,"84,758"
51,319,"69,265"
52,321,"64,702"
53,401,"96,467"
54,402.01,"73,475"
55,402.02,"47,367"
56,403,"88,125"
57,404.01,"105,121"
58,404.02,"87,479"
59,406,"90,167"
60,407,"86,125"
61,408,"85,577"
62,409,"77,250"
63,501,"113,352"
64,502,"94,821"
65,503,"79,892"
66,505,"162,616"
67,506,"116,595"
68,507,"134,583"
69,508,"116,488"
70,509,"103,750"
71,510,"126,250"
72,511,"145,000"
73,512,"141,944"
74,513,"188,697"
75,514,"123,214"
76,601,"94,800"
77,602,"83,598"
78,603,"112,574"
79,604,"132,143"
80,605,"38,571"
81,608,"87,552"
82,609,"63,610"
83,610,"110,739"
84,611,"117,500"
85,612,"138,000"
86,615,"123,409"
87,618,"72,308"
88,619.01,"65,882"
89,619.02,"76,792"
90,620,"77,222"
91,621,"91,438"
92,622,"128,102"
93,623,"140,556"
94,624,"133,897"
95,625,"150,240"
96,626,"164,286"
97,627,"172,850"
98,628,"156,875"
99,629,"131,900"
100,630,"95,897"
101,631,"90,978"
102,632,"72,457"
103,633.01,"60,361"
104,633.02,"81,638"
105,633.03,"92,250"
106,634,"105,735"
107,701.01,"75,804"
108,701.02,"71,373"
109,701.03,"61,118"
110,702,"91,723"
111,703,"145,855"
112,704,"114,902"
113,705,"152,850"
114,706,"170,750"
115,707,"121,298"
116,710,"147,552"
117,711,"160,662"
118,712,"114,286"
119,713,"122,621"
120,714,"117,150"
121,715,"99,510"
122,716,"147,031"
123,717,"187,614"
124,718,"131,734"
125,801,"125,880"
126,802.01,"91,961"
127,802.02,"86,419"
128,803,"138,173"
129,804,"41,250"
130,810,"64,640"
131,811,"77,605"
132,812.01,"94,288"
133,812.02,"136,010"
134,813,"86,207"
135,814.01,"79,960"
136,814.02,"119,387"
137,814.03,"115,642"
138,815,"107,847"
139,816,"130,673"
140,817,"101,758"
141,818,"149,135"
142,819,"194,167"
143,901,"98,446"
144,902,"108,583"
145,903,"108,563"
146,1001,"89,427"
147,1002,"80,817"
148,1003,"79,138"
149,1004,"99,710"
150,1005,"77,945"
151,1006,"77,813"
152,1007,"85,953"
153,1101,"77,813"
154,1102,"85,474"
155,1103,"82,634"
156,1104,"68,996"
157,1105.01,"84,273"
158,1105.02,"62,155"
159,1201,"140,417"
160,1202,"123,594"
161,1203,"127,473"
162,1204,"99,306"
163,1301,"47,875"
164,1302,"75,875"
165,1303,"58,824"
166,1401,"54,394"
167,1402,"46,761"
168,1403.01,"50,667"
169,1403.02,"75,789"
170,1404,"69,203"
171,1405,"66,818"
172,1406.01,"43,988"
173,1406.02,"67,237"
174,1407.01,"71,125"
175,1407.02,"57,708"
176,1408,"73,875"
177,1502,"67,623"
178,1503,"77,877"
179,1504.01,"63,125"
180,1504.02,"87,708"
181,1505.01,"75,956"
182,1505.02,"63,813"
183,1506,"67,957"
184,1507,"75,545"
185,1508,"59,919"
186,1510.01,"65,417"
187,1510.02,"62,483"
188,1511,"64,063"
189,1512,"76,885"
190,1601,"68,750"
191,1602,"85,216"
192,1603,"57,568"
193,1604,"61,815"
194,1605.01,"60,349"
195,1605.02,"56,875"
196,1606.01,"69,375"
197,1606.02,"66,776"
198,1607,"72,317"
199,1608,"63,007"
200,1609,"86,060"
201,1610,"88,750"
202,1611,"143,438"
203,1612,"67,903"
204,1613,"51,578"
205,1701,"54,625"
206,1702,"70,625"
207,1703,"67,298"
208,1704,"63,542"
209,1705,"88,684"
210,1706,"69,271"
211,1707,"65,233"
212,1708,"62,955"
213,1709,"68,958"
214,1710,"79,750"
215,1711,"69,330"
216,1801,"57,813"
217,1901,"41,103"
218,1902,"58,851"
219,1903,"54,239"
220,1904.01,"63,750"
221,1904.02,"53,021"
222,1906.01,"56,771"
223,1906.02,"54,688"
224,1907.01,"42,270"
225,1907.02,"41,083"
226,1908,"51,953"
227,1909,"54,750"
228,1910,"55,081"
229,1911,"51,421"
230,1912,"50,556"
231,1913.01,"50,046"
232,1913.02,"45,962"
233,2001,"53,718"
234,2002,"46,625"
235,2003,"53,798"
236,2004.01,"45,074"
237,2004.02,"51,719"
238,2101,"81,875"
239,2104,"51,083"
240,2105.01,"50,519"
241,2105.02,"56,025"
242,2106.01,"75,461"
243,2106.02,"74,167"
244,2107,"68,220"
245,2108,"60,948"
246,2109,"88,167"
247,2203,"98,973"
248,2204,"103,295"
249,2205,"94,844"
250,2206.01,"77,619"
251,2206.02,"52,163"
252,2207.01,"70,568"
253,2207.02,"64,392"
254,2209.01,"48,438"
255,2209.02,"57,150"
256,2210,"56,984"
257,2211,"65,938"
258,2212,"101,130"
259,2213,"71,402"
260,2214,"90,592"
261,2215,"61,635"
262,2216,"137,159"
263,2222,"150,625"
264,2225,"90,750"
265,2226,"79,231"
266,2227,"69,063"
267,2228,"50,313"
268,2229,"49,900"
269,2301,"56,563"
270,2302,"57,250"
271,2303,"50,242"
272,2304,"57,656"
273,2305,"24,385"
274,2306,"40,675"
275,2307,"39,969"
276,2308,"55,625"
277,2309,"55,104"
278,2311,"36,250"
279,2312,"33,423"
280,2315,"30,927"
281,2402,"148,009"
282,2403,"125,882"
283,2405,"150,188"
284,2406,"102,083"
285,2407,"86,667"
286,2408,"54,632"
287,2409,"42,717"
288,2410,"71,979"
289,2411,"80,524"
290,2412,"106,875"
291,2413,"154,792"
292,2414,"120,833"
293,2415,"141,983"
294,2416,"101,615"
295,2420,"116,066"
296,2421,"143,547"
297,2422,"124,107"
298,2423,"94,639"
299,2424,"95,357"
300,2425,"72,400"
301,2426,"63,009"
302,2427,"52,415"
303,2428,"89,688"
304,2429,"101,216"
305,2430,"85,362"
306,2431,"110,385"
307,2432,"123,942"
308,2433,"99,038"
309,2434,"102,625"
310,2435,"129,028"
311,2502,"47,411"
312,2503,"34,141"
313,2504,"46,261"
314,2505,"96,920"
315,2506,"46,184"
316,2507,"34,941"
317,2508,"36,250"
318,2510,"29,671"
319,2511,"19,938"
320,2512,"45,610"
321,2513,"31,663"
322,2514,"33,625"
323,2515,"23,933"
324,2516,"30,000"
325,2517,"52,857"
326,2518,"24,632"
327,2519,"21,106"
328,2520,"19,921"
329,2521.01,"17,000"
330,2521.02,"38,500"
331,2522.01,"32,831"
332,2522.02,"28,105"
333,2601,"14,505"
334,2602,"35,192"
335,2603,"23,289"
336,2604,"18,750"
337,2605,"33,026"
338,2606,"27,273"
339,2607,"22,222"
340,2608,"21,613"
341,2609,"24,714"
342,2610,"33,350"
343,2705,"15,571"
344,2712,"32,159"
345,2713,"25,345"
346,2714,"24,050"
347,2715,"37,109"
348,2718,"18,952"
349,2801,"136,389"
350,2804,"39,544"
351,2808,"18,077"
352,2809,"17,569"
353,2819,"109,104"
354,2827,"74,460"
355,2828,"58,203"
356,2831,"38,705"
357,2832,"73,558"
358,2838,"76,926"
359,2909,"25,542"
360,2912,"22,153"
361,2916,"53,750"
362,2922,"34,861"
363,2924,"32,589"
364,2925,"40,938"
365,3005,"40,083"
366,3006,"43,594"
367,3007,"40,789"
368,3008,"30,367"
369,3009,"29,098"
370,3011,"31,207"
371,3012,"35,259"
372,3016,"28,484"
373,3017.01,"30,742"
374,3017.02,"43,771"
375,3018.01,"37,000"
376,3018.02,"31,875"
377,3018.03,"32,208"
378,3102,"75,054"
379,3103,"51,607"
380,3104,"81,618"
381,3105,"45,417"
382,3106,"47,097"
383,3107,"57,774"
384,3108,"56,011"
385,3109,"41,929"
386,3201,"109,167"
387,3204,"168,958"
388,3206,"102,125"
389,3301,"115,484"
390,3302,"81,389"
391,3403,"33,333"
392,3404,"50,256"
393,3405,"23,854"
394,3406,"13,625"
395,3501,"44,896"
396,3504,"13,676"
397,3510,"44,770"
398,3511,"11,523"
399,3514,"16,607"
400,3515,"16,250"
401,3602,"31,674"
402,3801,"16,736"
403,3802,"27,724"
404,3805,"20,541"
405,3807,"43,250"
406,3812,"37,059"
407,3814,"42,960"
408,3815,"18,906"
409,3817,-
410,3818,"40,833"
411,3819,"52,641"
412,3901,"80,234"
413,3902,"87,500"
414,3903,"22,451"
415,3904,"25,553"
416,3905,"46,442"
417,3906,"51,849"
418,3907,"61,193"
419,4003,"29,495"
420,4004,"36,591"
421,4005,"22,355"
422,4008,"18,954"
423,4101,"48,194"
424,4102,"41,692"
425,4105,"54,079"
426,4106,"41,016"
427,4107,"39,514"
428,4108,"38,412"
429,4109,"60,353"
430,4110,"67,346"
431,4111,"114,583"
432,4112,"88,571"
433,4201,"18,411"
434,4202,"29,205"
435,4203,"36,719"
436,4204,"13,676"
437,4205,"28,456"
438,4206,"20,871"
439,4207,"19,498"
440,4208,"39,167"
441,4212,"19,911"
442,4301.01,"32,122"
443,4301.02,"30,306"
444,4302,"22,933"
445,4303,"18,133"
446,4304,"33,767"
447,4305,"18,692"
448,4306,"36,103"
449,4307,"24,167"
450,4308,"48,015"
451,4309,"40,417"
452,4312,"55,560"
453,4313.01,"27,361"
454,4313.02,"29,966"
455,4314,"30,230"
456,4401.01,"20,404"
457,4401.02,"32,047"
458,4402.01,"28,849"
459,4402.02,"35,795"
460,4403,"54,167"
461,4406,"68,317"
462,4407,"40,000"
463,4408,"24,417"
464,4409,"30,417"
465,4503,"49,896"
466,4601,"41,188"
467,4602,"28,363"
468,4603.01,"34,483"
469,4603.02,"28,470"
470,4604,"44,545"
471,4605,"59,755"
472,4606,"40,110"
473,4607,"24,517"
474,4610,"15,956"
475,4701,"28,864"
476,4801,"60,000"
477,4802,"47,059"
478,4803,"37,386"
479,4804,"53,946"
480,4805,"32,188"
481,4903,"57,301"
482,4904,"56,607"
483,4905,"53,190"
484,4906,"37,176"
485,4907,"44,745"
486,4908,"40,186"
487,4909.01,"37,045"
488,4909.02,"44,932"
489,4910,"24,481"
490,4911,"42,763"
491,4912,"39,234"
492,4913,"35,250"
493,4914,"33,290"
494,5001,"46,476"
495,5002,"31,410"
496,5003,"42,543"
497,5101,"43,882"
498,5102,"48,864"
499,5103,"28,561"
500,5201,"58,036"
501,5202,"29,630"
502,5203,"41,652"
503,5204,"45,729"
504,5205,"63,819"
505,5206,"55,325"
506,5301,"37,200"
507,5302,"37,829"
508,5303,"41,076"
509,5304,"61,903"
510,5305.01,"43,143"
511,5305.02,"54,883"
512,5305.03,"44,056"
513,5306,"33,099"
514,5401.01,"15,523"
515,5401.02,"15,293"
516,5501,"59,313"
517,5502,"48,224"
518,5601,"61,905"
519,5602,"54,453"
520,5603,"50,781"
521,5604,"60,581"
522,5607,"60,764"
523,5608,"71,563"
524,5609,"96,332"
525,5610,"103,188"
526,5611,"91,604"
527,5701,"56,008"
528,5702,"58,625"
529,5703,"48,629"
530,5704,"42,332"
531,5705,"44,934"
532,5801,"43,750"
533,5802,"38,018"
534,5803,"48,110"
535,5804,"47,056"
536,5805.01,"39,520"
537,5805.02,"37,943"
538,5806,"45,684"
539,5807,"47,000"
540,5808,"46,000"
541,5905,"67,250"
542,5906,"46,033"
543,5907,"48,281"
544,6004,"37,786"
545,6006,"37,670"
546,6007,"45,294"
547,6009,"57,788"
548,6103,"32,679"
549,6104,"40,758"
550,6108,"53,125"
551,6110,"19,975"
552,6111,"28,264"
553,6112,"27,800"
554,6113,"26,600"
555,6114,"36,382"
556,6115,"34,875"
557,6116,"25,882"
558,6117,"24,444"
559,6118,"40,870"
560,6119,"24,507"
561,6120,"37,981"
562,6121,"26,815"
563,6201,"65,354"
564,6202,"58,382"
565,6203,"55,779"
566,6204,"69,764"
567,6301,"30,435"
568,6302,"37,422"
569,6303,"51,184"
570,6304,"35,194"
571,6305,"44,885"
572,6308,"51,419"
573,6309,"45,551"
574,6401,"42,895"
575,6403,"64,590"
576,6404,"59,398"
577,6405,"85,762"
578,6406,"49,375"
579,6407,"56,250"
580,6408,"51,944"
581,6501,"43,750"
582,6502,"51,658"
583,6503.01,"60,802"
584,6503.02,"49,130"
585,6504,"54,327"
586,6505,"68,382"
587,6603.01,"24,230"
588,6603.02,"30,891"
589,6604,"46,289"
590,6605,"36,657"
591,6606,"27,012"
592,6607,"23,095"
593,6608,"35,703"
594,6609,"34,574"
595,6610,"34,230"
596,6611,"59,038"
597,6701,"27,500"
598,6702,"28,250"
599,6703,"22,395"
600,6704,"28,625"
601,6705,"24,200"
602,6706,"26,250"
603,6707,"27,277"
604,6708,"24,597"
605,6709,"33,438"
606,6711,"33,571"
607,6712,"24,896"
608,6713,"27,882"
609,6714,"23,029"
610,6715,"27,125"
611,6716,"19,132"
612,6718,"28,036"
613,6719,"47,400"
614,6720,"36,438"
615,6805,"24,335"
616,6806,"30,244"
617,6809,"16,411"
618,6810,"17,118"
619,6811,"22,266"
620,6812,"19,915"
621,6813,"25,360"
622,6814,"43,750"
623,6903,"19,179"
624,6904,"23,868"
625,6905,"26,154"
626,6909,"32,875"
627,6910,"42,538"
628,6911,"24,750"
629,6912,"32,241"
630,6913,"43,676"
631,6914,"36,363"
632,6915,"17,011"
633,7001,"68,902"
634,7002,"70,863"
635,7003.01,"69,620"
636,7003.02,"66,250"
637,7004.01,"65,000"
638,7004.02,"70,072"
639,7005.01,"65,847"
640,7005.02,"102,125"
641,7101,"17,841"
642,7102,"25,288"
643,7103,"35,568"
644,7104,"39,659"
645,7105,"30,177"
646,7106,"33,287"
647,7107,"19,467"
648,7108,"23,162"
649,7109,"32,064"
650,7110,"43,855"
651,7111,"39,208"
652,7112,"45,298"
653,7113,"41,188"
654,7114,"43,500"
655,7115,"44,851"
656,7201,"149,605"
657,7202,"71,979"
658,7203,"115,536"
659,7204,"102,857"
660,7205,"111,667"
661,7206,"113,964"
662,7207,"67,438"
663,7301,"53,125"
664,7302.01,"26,731"
665,7302.02,"57,143"
666,7303,"47,969"
667,7304,"80,787"
668,7305,"57,357"
669,7306,"43,274"
670,7307,"51,957"
671,7401,"93,217"
672,7402,"105,655"
673,7403,"127,069"
674,7404,"85,064"
675,7501,"43,277"
676,7502,"80,561"
677,7503,"100,595"
678,7504,"97,305"
679,7505,"55,750"
680,7506,"42,949"
681,7608.01,"68,159"
682,7608.02,"54,177"
683,7608.03,"44,918"
684,7702.01,"64,215"
685,7702.02,"66,672"
686,7703,"82,196"
687,7704,"77,205"
688,7705,"41,663"
689,7706.01,"96,442"
690,7706.02,"71,103"
691,7707,"57,368"
692,7708,"58,147"
693,7709.01,"75,519"
694,7709.02,"61,466"
695,8001,"250,000+"
696,8002,"224,766"
697,8003,"207,500"
698,8004,"250,000+"
699,8005,"237,604"
700,8006,"238,182"
701,8007,"200,852"
702,8008,"98,125"
703,8009,"122,857"
704,8010,"122,743"
705,8011,"184,375"
706,8012,"226,563"
707,8013,"164,306"
708,8014,"134,803"
709,8015,"98,942"
710,8016.01,"111,082"
711,8016.03,"52,951"
712,8016.05,"136,094"
713,8016.06,"119,113"
714,8016.07,"94,808"
715,8016.08,"116,432"
716,8017.01,"186,111"
717,8017.02,"120,529"
718,8018,"151,136"
719,8019.01,"93,207"
720,8019.02,"163,649"
721,8020.02,"126,250"
722,8020.03,"105,066"
723,8020.04,"37,406"
724,8021,"151,094"
725,8022,"125,375"
726,8023,"126,765"
727,8024.02,"63,575"
728,8024.03,"70,511"
729,8024.04,"55,441"
730,8025.03,"81,543"
731,8025.04,"83,463"
732,8025.05,"56,479"
733,8025.06,"85,648"
734,8026.05,"98,769"
735,8026.07,"123,889"
736,8026.08,"66,208"
737,8026.09,"55,354"
738,8026.10,"93,194"
739,8027.01,"94,709"
740,8027.02,"86,034"
741,8028.01,"107,571"
742,8028.02,"109,223"
743,8029,"142,900"
744,8030.05,"74,375"
745,8030.07,"106,838"
746,8030.08,"113,179"
747,8030.10,"113,750"
748,8030.12,"74,750"
749,8030.13,"90,098"
750,8030.14,"70,505"
751,8030.15,"79,596"
752,8030.16,"102,679"
753,8030.17,"93,279"
754,8031,"121,875"
755,8032,"91,009"
756,8033,"108,891"
757,8034,"125,899"
758,8035,"114,375"
759,8036.03,"169,425"
760,8036.04,"79,853"
761,8036.05,"78,611"
762,8036.06,"51,429"
763,8036.07,"109,516"
764,8036.08,"67,380"
765,8036.10,"65,569"
766,8036.11,"68,184"
767,8036.12,"61,426"
768,8037.01,"89,896"
769,8037.02,"109,234"
770,8038,"93,262"
771,8039.01,"70,976"
772,8039.02,"90,750"
773,8040,"77,188"
774,8041.02,"141,786"
775,8041.04,"116,466"
776,8041.05,"131,821"
777,8041.06,"116,667"
778,8041.08,"91,616"
779,8041.09,"117,794"
780,8042.01,"142,521"
781,8042.02,"132,377"
782,8043.05,"76,556"
783,8043.06,"69,500"
784,8043.08,"75,948"
785,8043.09,"81,926"
786,8043.10,"96,274"
787,8043.11,"106,212"
788,8044.03,"79,260"
789,8044.04,"76,964"
790,8044.05,"59,965"
791,8044.06,"72,734"
792,8045.05,"71,438"
793,8045.06,"96,458"
794,8045.07,"105,240"
795,8045.08,"61,148"
796,8045.09,"84,375"
797,8045.10,"72,411"
798,8045.11,"58,203"
799,8046.03,"66,367"
800,8046.06,"113,083"
801,8046.07,"98,984"
802,8046.08,"88,149"
803,8046.09,"98,004"
804,8046.10,"67,319"
805,8046.11,"88,482"
806,8047.01,"69,472"
807,8047.05,"63,277"
808,8047.06,"115,500"
809,8047.09,"67,027"
810,8047.10,"86,333"
811,8047.11,"75,377"
812,8047.12,"97,348"
813,8047.13,"91,913"
814,8047.14,"81,181"
815,8047.15,"51,169"
816,8047.16,"96,667"
817,8048.03,"76,280"
818,8048.04,"80,568"
819,8048.05,"85,905"
820,8048.06,"76,058"
821,8048.07,"88,605"
822,8048.08,"107,931"
823,8048.09,"92,188"
824,8048.10,"76,799"
825,8049.01,"109,539"
826,8049.02,"93,086"
827,8050.01,"115,094"
828,8050.02,"43,704"
829,8051.05,"55,743"
830,8051.06,"72,022"
831,8051.07,"52,858"
832,8051.08,"60,435"
833,8051.09,"90,417"
834,8051.10,"81,346"
835,8051.11,"61,787"
836,8051.12,"59,180"
837,8052.01,"94,891"
838,8052.02,"82,351"
839,8053.01,"66,250"
840,8053.02,"86,833"
841,8054.01,"82,900"
842,8054.02,"85,980"
843,8055.01,"112,813"
844,8055.02,"141,339"
845,8056,"143,824"
846,8057.01,"117,500"
847,8057.02,"122,813"
848,8058.01,"95,733"
849,8058.02,"95,469"
850,8059.01,"81,250"
851,8059.02,"113,036"
852,8060.01,"51,684"
853,8060.02,"58,362"
854,8060.03,"68,018"
855,8060.04,"47,763"
856,8061.02,"90,365"
857,8061.03,"90,833"
858,8061.04,"47,753"
859,8062.01,"49,054"
860,8062.02,"54,139"
861,8063,"94,028"
862,8064,"93,750"
863,8065.01,"51,156"
864,8065.02,"74,063"
865,8066,"79,338"
866,8067,"122,743"
867,8068.01,"71,250"
868,8068.02,"68,294"
869,8069,"71,915"
870,8070,"64,604"
871,8071,"117,177"
872,8072,"85,526"
873,8073,"65,441"
874,8074,"63,136"
875,8075,"116,000"
876,8076,"64,625"
877,8077,"48,338"
878,8078,"106,473"
879,8079,"100,833"
880,8080.01,"101,384"
881,8080.02,"79,741"
882,8081,"50,047"
883,8082,"74,129"
884,8083.01,"71,500"
885,8083.02,"88,750"
886,8084,"94,402"
887,8085,"95,071"
888,8086,"168,750"
889,8087.02,"70,179"
890,8088,"144,853"
891,8089,"150,175"
892,8090,"149,583"
893,8091,"106,103"
894,8092,"44,458"
895,8093,"30,774"
896,8094,"60,031"
897,8095,"73,516"
898,8096,"74,233"
899,8097,"99,464"
900,8098,"95,156"
901,8099,"130,208"
902,8100,"92,590"
903,8101,"73,438"
904,8102,"62,416"
905,8103.01,"79,850"
906,8103.02,"83,750"
907,8104,"111,310"
908,8105.01,"81,152"
909,8105.02,"58,669"
910,8106,"55,038"
911,8107.01,"54,201"
912,8107.02,"56,964"
913,8108,"76,294"
914,8109,"52,171"
915,8110,"82,750"
916,8111,"51,763"
917,8112,"69,021"
918,8113.01,"68,125"
919,8113.02,"40,556"
920,8114.01,"69,097"
921,8114.02,"59,196"
922,8115,"76,618"
923,8116,"49,455"
924,8117.01,"54,272"
925,8117.02,"50,852"
926,8118,"75,625"
927,8119,"135,750"
928,8120,"121,503"
929,8121,"124,667"
930,8122,"216,375"
931,8123.01,"86,363"
932,8123.02,"141,111"
933,8124,"206,184"
934,8125,"65,438"
935,8126,"59,808"
936,8127,"65,313"
937,8128.01,"68,466"
938,8128.02,"60,238"
939,8129,"128,182"
940,8130,"114,333"
941,8131,"99,808"
942,8132,"135,121"
943,8133.01,"41,589"
944,8133.02,"41,250"
945,8134,"50,426"
946,8135,"59,228"
947,8136,"55,117"
948,8137.01,"48,731"
949,8137.02,"50,487"
950,8138.01,"47,244"
951,8138.02,"41,723"
952,8139,"43,159"
953,8140,"50,481"
954,8141,"41,972"
955,8142,"47,622"
956,8143,"45,625"
957,8144,"46,696"
958,8145,"64,842"
959,8146,"64,464"
960,8147,"76,735"
961,8148,"58,475"
962,8149,"55,156"
963,8150,"60,395"
964,8151,"74,676"
965,8152,"52,819"
966,8153,"73,750"
967,8154,"47,025"
968,8155,"70,917"
969,8156,"63,974"
970,8157.01,"128,444"
971,8157.02,"86,819"
972,8158,"95,096"
973,8159,"58,859"
974,8160,"76,587"
975,8161,"62,163"
976,8162,"61,695"
977,8163,"64,073"
978,8164.01,"51,850"
979,8164.02,"53,611"
980,8165,"32,667"
981,8166,"59,940"
982,8167,"48,506"
983,8168,"61,192"
984,8169,"61,923"
985,8170,"49,468"
986,8171.01,"42,466"
987,8171.02,"74,521"
988,8172,"48,450"
989,8173,"43,542"
990,8174,"56,678"
991,8175,"40,417"
992,8176,"46,181"
993,8177,"65,510"
994,8179,"53,118"
995,8180,"52,321"
996,8181,"102,656"
997,8182,"80,764"
998,8183,"60,205"
999,8184.01,"68,355"
1000,8184.02,"74,789"
1001,8185,"85,989"
1002,8186,"90,587"
1003,8187,"89,387"
1004,8188,"92,719"
1005,8189,"92,031"
1006,8190,"147,569"
1007,8191,"46,758"
1008,8192,"66,426"
1009,8193,"74,792"
1010,8194,"76,418"
1011,8195,"86,898"
1012,8196,"153,914"
1013,8197,"169,306"
1014,8198.01,"178,500"
1015,8198.02,"153,393"
1016,8199,"189,531"
1017,8200,"228,125"
1018,8201.01,"112,944"
1019,8201.03,"71,588"
1020,8201.04,"75,603"
1021,8202.01,"109,803"
1022,8202.02,"54,194"
1023,8203,"59,637"
1024,8204,"41,325"
1025,8205.01,"66,480"
1026,8205.02,"56,996"
1027,8206.03,"59,717"
1028,8206.04,"43,723"
1029,8206.05,"43,214"
1030,8206.06,"72,143"
1031,8207,"65,257"
1032,8208,"71,758"
1033,8209.01,"60,672"
1034,8209.02,"87,443"
1035,8210.01,"54,620"
1036,8210.02,"58,828"
1037,8211.01,"64,652"
1038,8211.02,"61,645"
1039,8212,"45,846"
1040,8213,"45,607"
1041,8214.01,"45,457"
1042,8214.02,"48,091"
1043,8215,"26,815"
1044,8216,"70,497"
1045,8217,"85,278"
1046,8218,"71,540"
1047,8219,"82,450"
1048,8220,"50,548"
1049,8221.01,"65,486"
1050,8221.02,"57,137"
1051,8222,"94,211"
1052,8223.01,"60,284"
1053,8223.02,"54,904"
1054,8224,"45,438"
1055,8225,"76,054"
1056,8226.01,"85,556"
1057,8226.02,"64,861"
1058,8227.01,"55,313"
1059,8227.02,"61,342"
1060,8228.01,"62,010"
1061,8228.02,"64,844"
1062,8229,"51,917"
1063,8230.01,"49,034"
1064,8230.02,"51,995"
1065,8231.01,"51,298"
1066,8231.02,"73,464"
1067,8232,"66,639"
1068,8233.02,"57,997"
1069,8233.03,"71,544"
1070,8233.04,"51,450"
1071,8234,"50,619"
1072,8235,"60,156"
1073,8236.02,"67,143"
1074,8236.03,"38,047"
1075,8236.04,"86,771"
1076,8236.05,"62,500"
1077,8237.02,"59,546"
1078,8237.03,"55,389"
1079,8237.04,"91,250"
1080,8237.05,"59,018"
1081,8238.01,"103,160"
1082,8238.03,"70,909"
1083,8238.05,"54,392"
1084,8238.06,"48,050"
1085,8239.01,"90,536"
1086,8239.03,"88,819"
1087,8239.04,"95,156"
1088,8240.03,"96,194"
1089,8240.04,"86,029"
1090,8240.05,"112,125"
1091,8240.06,"129,667"
1092,8241.05,"111,494"
1093,8241.06,"94,764"
1094,8241.07,"72,289"
1095,8241.08,"94,020"
1096,8241.13,"97,365"
1097,8241.14,"108,933"
1098,8241.15,"74,318"
1099,8241.16,"68,125"
1100,8241.17,"102,696"
1101,8241.19,"106,607"
1102,8241.20,"100,911"
1103,8241.21,"81,570"
1104,8241.22,"92,476"
1105,8241.23,"71,671"
1106,8243,"31,480"
1107,8244,"39,080"
1108,8245.03,"70,133"
1109,8245.05,"79,904"
1110,8245.06,"64,908"
1111,8245.07,"65,682"
1112,8246.01,"78,444"
1113,8246.02,"62,096"
1114,8247.01,"67,682"
1115,8247.02,"51,038"
1116,8248,"38,281"
1117,8249,"41,090"
1118,8250,"63,581"
1119,8252,"79,688"
1120,8253.02,"70,341"
1121,8253.03,"66,684"
1122,8253.04,"70,781"
1123,8254,"63,606"
1124,8255.01,"56,976"
1125,8255.03,"56,250"
1126,8255.04,"51,875"
1127,8255.05,"56,509"
1128,8256,"48,967"
1129,8257,"46,394"
1130,8258.01,"44,470"
1131,8258.02,"46,627"
1132,8258.03,"51,217"
1133,8259,"50,761"
1134,8260,"45,833"
1135,8261,"41,792"
1136,8262.01,"34,808"
1137,8262.02,"39,852"
1138,8263.01,"54,347"
1139,8263.03,"51,186"
1140,8263.04,"35,799"
1141,8264.01,"53,229"
1142,8264.02,"55,753"
1143,8265,"40,258"
1144,8266,"39,266"
1145,8267,"34,510"
1146,8268,"47,602"
1147,8269.01,"30,292"
1148,8269.02,"29,211"
1149,8270,"28,763"
1150,8271,"27,667"
1151,8272,"44,068"
1152,8273,"22,500"
1153,8274,"22,561"
1154,8275,"39,179"
1155,8276,"37,654"
1156,8277,"42,939"
1157,8278.01,"60,379"
1158,8278.02,"73,409"
1159,8278.04,"71,563"
1160,8278.05,"59,427"
1161,8279.01,"83,125"
1162,8279.02,"53,288"
1163,8280,"46,250"
1164,8281,"51,967"
1165,8282.01,"54,245"
1166,8282.02,"63,750"
1167,8283,"63,418"
1168,8284.01,"71,336"
1169,8284.02,"52,381"
1170,8285.03,"37,514"
1171,8285.04,"44,375"
1172,8285.05,"58,214"
1173,8285.06,"56,471"
1174,8286.01,"81,832"
1175,8286.02,"93,000"
1176,8287.01,"76,875"
1177,8287.02,"52,600"
1178,8288.01,"96,373"
1179,8288.02,"73,510"
1180,8289,"53,315"
1181,8290,"21,192"
1182,8291,"30,862"
1183,8292,"46,875"
1184,8293.01,"75,708"
1185,8293.02,"32,000"
1186,8294.01,"30,091"
1187,8294.02,"41,578"
1188,8295,"41,138"
1189,8296,"53,911"
1190,8297,"40,432"
1191,8298,"103,417"
1192,8299.01,"79,772"
1193,8299.02,"76,409"
1194,8300.01,"47,250"
1195,8300.03,"96,379"
1196,8300.04,"88,003"
1197,8300.05,"97,000"
1198,8300.06,"56,009"
1199,8300.07,"47,466"
1200,8300.08,"85,156"
1201,8301,"76,548"
1202,8302.01,"59,662"
1203,8302.02,"87,901"
1204,8303,"38,043"
1205,8304,"53,920"
1206,8305,"37,917"
1207,8306,"47,227"
1208,8307,"55,236"
1209,8308,"79,405"
1210,8309,"102,246"
1211,8310,"149,722"
1212,8311,"60,540"
1213,8312,"39,180"
1214,8313,"46,333"
1215,8314,"33,776"
1216,8315,"58,798"
1217,8316,"47,042"
1218,8317,"62,130"
1219,8318,"55,368"
1220,8319,"131,500"
1221,8320,"121,500"
1222,8321,"76,193"
1223,8322,"109,701"
1224,8323,"120,052"
1225,8324,"100,972"
1226,8325,"148,802"
1227,8326,"152,328"
1228,8329,"63,527"
1229,8330,"151,028"
1230,8331,"132,391"
1231,8333,"56,136"
1232,8339,"32,237"
1233,8340,"45,822"
1234,8342,"65,459"
1235,8343,"42,517"
1236,8344,"55,341"
1237,8345,"32,756"
1238,8346,"27,631"
1239,8347,"23,125"
1240,8348,"18,636"
1241,8349,"17,522"
1242,8350,"27,849"
1243,8351,"41,938"
1244,8352,"50,900"
1245,8355,"23,922"
1246,8356,"23,571"
1247,8357,"49,880"
1248,8358,"66,944"
1249,8359,"20,139"
1250,8360,"65,463"
1251,8361,"25,451"
1252,8362,-
1253,8363,"52,440"
1254,8364,"27,210"
1255,8365,"45,930"
1256,8366,"48,313"
1257,8367,"30,783"
1258,8368,"12,905"
1259,8369,"27,904"
1260,8370,"32,083"
1261,8371,"21,507"
1262,8373,"27,656"
1263,8374,"39,231"
1264,8378,"59,915"
1265,8380,"26,971"
1266,8381,"15,755"
1267,8382,"61,458"
1268,8383,"95,139"
1269,8386,"16,829"
1270,8387,"25,701"
1271,8388,"27,160"
1272,8390,"105,094"
1273,8391,"101,000"
1274,8392,"35,707"
1275,8395,"19,950"
1276,8396,"32,401"
1277,8397,"58,974"
1278,8398,"60,590"
1279,8399,"64,912"
1280,8400,"85,143"
1281,8401,"50,469"
1282,8402,"61,806"
1283,8403,"50,607"
1284,8404,"44,550"
1285,8407,"43,207"
1286,8408,"34,773"
1287,8410,"98,320"
1288,8411,"35,723"
1289,8412,"45,700"
1290,8413,"54,275"
1291,8414,"43,145"
1292,8415,"31,944"
1293,8416,"24,848"
1294,8417,"18,810"
1295,8418,"37,176"
1296,8419,"114,350"
1297,8420,"99,583"
1298,8421,"38,603"
1299,8422,"86,250"
1300,8423,"142,550"
1301,8424,"47,669"
1302,8425,"11,146"
1303,8426,"76,616"
1304,8428,"36,439"
1305,8429,"20,068"
1306,8430,"19,792"
1307,8431,"22,566"
1308,8432,"49,451"
1309,8433,"50,486"
1310,8434,"29,028"
1311,8435,"29,375"
1312,8436,"39,167"
1313,8437,"114,886"
1314,8438,"36,042"
1315,8439,"33,028"
1316,9800,-
1317,9801,-
1318,9900,-
