ZIP,TRACT
60002,17097866000
60002,17097860806
60002,17097860809
60002,17097860805
60002,17097860810
60002,17097860808
60002,17097860811
60002,17097861012
60002,17097860807
60002,17097861007
60004,17031803200
60004,17031802900
60004,17031803017
60004,17031803016
60004,17031803901
60004,17031803400
60004,17031803606
60004,17031803012
60004,17031803007
60004,17031802608
60004,17031803100
60004,17031803010
60004,17031803612
60004,17031803015
60004,17031805111
60004,17031803300
60004,17031803008
60004,17031803005
60004,17031802801
60004,17031802503
60005,17031805107
60005,17031803300
60005,17031803901
60005,17031805112
60005,17031805106
60005,17031805110
60005,17031805108
60005,17031803200
60005,17031803500
60005,17031805111
60005,17031803400
60005,17031805109
60006,17031803300
60007,17031804610
60007,17043840101
60007,17031770400
60007,17031770202
60007,17031980000
60007,17031770201
60007,17043840000
60007,17031770300
60007,17031804606
60007,17031770500
60007,17031804607
60008,17031804108
60008,17031805107
60008,17031803902
60008,17031803901
60008,17031805105
60008,17031804109
60008,17031770300
60008,17031804106
60008,17031770202
60008,17031803500
60008,17031804603
60008,17031804000
60009,17031770300
60010,17097864411
60010,17097864407
60010,17111870812
60010,17031803603
60010,17031804105
60010,17111871404
60010,17111871305
60010,17089850101
60010,17111871402
60010,17031803608
60010,17097864206
60010,17031804201
60010,17097864306
60010,17097864412
60010,17097864308
60010,17111871600
60010,17097864204
60010,17097864409
60010,17031804104
60010,17097864408
60010,17097864303
60010,17097864305
60010,17097864307
60010,17031804202
60010,17097864403
60011,17097864308
60011,17031804202
60012,17111870808
60012,17111870803
60012,17111870810
60012,17111870807
60012,17111870809
60012,17111870902
60013,17111871307
60013,17111870812
60013,17111870809
60013,17111871600
60013,17111871306
60013,17111871304
60013,17111871305
60013,17097864303
60013,17111870810
60014,17111870902
60014,17111870807
60014,17111871304
60014,17111871208
60014,17111871107
60014,17111870810
60014,17111871311
60014,17111870808
60014,17111871108
60014,17111871301
60014,17111871202
60014,17111871201
60014,17111871209
60014,17111871106
60014,17111870809
60014,17111871105
60014,17111871306
60015,17031801500
60015,17097864505
60015,17097864901
60015,17031801601
60015,17097864802
60015,17097864904
60015,17097864522
60015,17097864903
60015,17097864801
60015,17097865802
60016,17031806400
60016,17031806104
60016,17031806001
60016,17031806202
60016,17031805111
60016,17031802702
60016,17031804902
60016,17031806002
60016,17031805901
60016,17031804901
60016,17031806102
60016,17031806300
60016,17031806201
60016,17031806003
60016,17031806103
60016,17031806004
60016,17031770601
60016,17031805112
60017,17031770601
60018,17031770500
60018,17031806600
60018,17031806400
60018,17031806502
60018,17031980000
60018,17031770700
60018,17031770601
60018,17031805112
60018,17031770800
60018,17031806501
60018,17031770602
60020,17097860904
60020,17097860905
60020,17097860906
60020,17097860807
60020,17111870102
60020,17097860903
60021,17097864303
60021,17111871402
60021,17111871600
60022,17031800200
60022,17031801800
60022,17031800300
60022,17031800100
60025,17031801902
60025,17031802200
60025,17031802003
60025,17031806001
60025,17031805202
60025,17031805201
60025,17031801603
60025,17031802004
60025,17031800900
60025,17031801607
60025,17031802002
60025,17031801400
60025,17031802300
60025,17031801901
60025,17031808600
60025,17031802100
60026,17031802002
60026,17031802300
60026,17031802100
60026,17031801608
60026,17031801606
60026,17031802003
60026,17031801603
60026,17031801607
60029,17031808600
60030,17097861607
60030,17097861108
60030,17097861014
60030,17097864101
60030,17097864205
60030,17097861106
60030,17097861610
60030,17097861402
60030,17097861105
60030,17097861611
60030,17097861608
60030,17097861603
60030,17097861404
60030,17097863601
60030,17097861107
60030,17097861202
60031,17097861604
60031,17097861603
60031,17097861609
60031,17097861506
60031,17097861902
60031,17097861510
60031,17097861610
60031,17097861509
60031,17097861508
60031,17097862603
60031,17097861611
60031,17097861505
60031,17097861507
60031,17097861504
60033,17111871003
60033,17111870302
60033,17007010601
60033,17111870200
60033,17111870301
60033,17111870101
60034,17111870401
60034,17111870200
60034,17111870101
60035,17097865502
60035,17097864700
60035,17097865200
60035,17097865400
60035,17097864602
60035,17097865801
60035,17097865501
60035,17097865300
60035,17097865802
60035,17097865600
60035,17097864904
60035,17097865700
60037,17097865501
60038,17031803901
60039,17111871301
60040,17097865501
60040,17097865400
60040,17097865200
60041,17097860905
60041,17097861010
60041,17097860904
60041,17097860903
60041,17097861301
60041,17097860906
60042,17097864203
60042,17097864204
60042,17111870812
60042,17111870811
60043,17031800500
60043,17031800600
60044,17097863202
60044,17097866200
60044,17097863300
60044,17097863702
60045,17097863500
60045,17097863400
60045,17097865300
60045,17097865000
60045,17097864602
60045,17097864601
60045,17097866200
60046,17097861009
60046,17097861106
60046,17097860905
60046,17097861013
60046,17097861008
60046,17097860811
60046,17097861609
60046,17097861611
60046,17097861202
60046,17097861014
60046,17097861604
60046,17097860809
60046,17097861012
60046,17097861007
60046,17097861010
60046,17097861011
60047,17097864512
60047,17097864408
60047,17097864101
60047,17097864517
60047,17097864511
60047,17097864411
60047,17097864412
60047,17097864409
60047,17097864407
60047,17097864515
60047,17097864410
60047,17097864403
60047,17097864518
60047,17097864402
60048,17097861608
60048,17097861603
60048,17097863702
60048,17097863604
60048,17097864514
60048,17097863904
60048,17097866200
60048,17097863603
60048,17097863801
60048,17097863701
60048,17097864106
60048,17097864101
60048,17097863903
60048,17097863601
60050,17111870603
60050,17111870809
60050,17111870606
60050,17111870500
60050,17111870810
60050,17111870605
60050,17111870811
60050,17111870604
60050,17111870803
60050,17111870704
60050,17097860904
60051,17097864204
60051,17111870704
60051,17111870812
60051,17111870102
60051,17111870811
60051,17097860904
60051,17111870702
60051,17111870605
60051,17097864203
60051,17111870703
60051,17111870604
60053,17031808301
60053,17031808400
60053,17031808500
60053,17031808600
60053,17031805302
60053,17031808302
60053,17031808200
60053,17031805301
60055,17031803603
60056,17031802608
60056,17031805002
60056,17031805111
60056,17031802605
60056,17031802610
60056,17031805001
60056,17031805109
60056,17031806103
60056,17031804901
60056,17031805107
60056,17031802702
60056,17031802802
60056,17031802801
60056,17031802701
60056,17031805110
60056,17031806104
60056,17031805108
60056,17031804902
60060,17097864511
60060,17097864106
60060,17097864510
60060,17097864001
60060,17097864407
60060,17097864002
60060,17097864101
60060,17097864108
60060,17097864402
60060,17097864105
60060,17097863902
60060,17097864107
60061,17097866200
60061,17097863904
60061,17097863902
60061,17097864513
60061,17097864510
60061,17097864002
60061,17097864512
60061,17097864514
60061,17097864511
60062,17031801500
60062,17031801701
60062,17031801601
60062,17031801702
60062,17031801605
60062,17031801800
60062,17031801603
60062,17031801606
60062,17031801608
60062,17031801607
60062,17031802300
60062,17031801901
60062,17031802402
60064,17097863201
60064,17097863702
60064,17097863100
60064,17097862502
60064,17097863004
60064,17097862800
60064,17097863202
60064,17097862902
60064,17097862901
60065,17031801601
60067,17031803901
60067,17031804108
60067,17031804102
60067,17031803604
60067,17031803800
60067,17031804104
60067,17031805105
60067,17031804105
60067,17031803605
60067,17031803702
60067,17031803603
60067,17031804109
60067,17031804603
60067,17031803701
60067,17031803610
60067,17031803608
60067,17031804106
60068,17031805902
60068,17031805600
60068,17031805801
60068,17031806003
60068,17031806004
60068,17031806002
60068,17031805702
60068,17031805701
60068,17031805802
60068,17031090300
60068,17031805502
60068,17031090200
60068,17031805501
60068,17031810400
60068,17031805901
60069,17097864520
60069,17097864521
60069,17097864522
60069,17097864512
60069,17097864514
60069,17097864801
60069,17097866200
60069,17097864505
60070,17031802605
60070,17031803015
60070,17031802609
60070,17031802608
60070,17031802607
60070,17031801603
60070,17031803014
60070,17031802505
60070,17031802610
60071,17111870101
60071,17111870102
60072,17111870101
60072,17111870603
60072,17111870703
60072,17111870500
60072,17111870604
60073,17097860906
60073,17097861202
60073,17097861107
60073,17097864205
60073,17097861403
60073,17097861011
60073,17097861014
60073,17097861010
60073,17097861301
60073,17097861404
60073,17097861402
60073,17097861304
60073,17097864101
60073,17097861201
60073,17097860904
60073,17097864203
60073,17097861303
60074,17031803607
60074,17031803610
60074,17031803604
60074,17031803605
60074,17031803901
60074,17031803800
60074,17031803017
60074,17031803611
60074,17097864403
60074,17031803608
60074,17031803606
60075,17097866000
60076,17031806802
60076,17031806900
60076,17031807100
60076,17031808002
60076,17031806801
60076,17031806700
60076,17031807700
60076,17031807200
60076,17031807500
60076,17031807400
60076,17031807300
60076,17031807600
60077,17031807300
60077,17031807200
60077,17031806802
60077,17031807800
60077,17031807000
60077,17031807400
60077,17031800900
60077,17031808302
60077,17031807700
60077,17031806801
60077,17031807600
60077,17031806900
60078,17031803701
60079,17097862200
60081,17111870101
60081,17111870704
60081,17097860903
60081,17111870102
60081,17097860904
60081,17097860807
60082,17031800800
60083,17097861604
60083,17097861506
60083,17097866000
60083,17097860400
60083,17097860101
60083,17097861505
60083,17097861009
60084,17097864101
60084,17097864204
60084,17097864203
60084,17097864205
60084,17097864206
60085,17097862200
60085,17097861902
60085,17097862402
60085,17097861510
60085,17097861702
60085,17097862401
60085,17097862502
60085,17097863601
60085,17097862000
60085,17097862501
60085,17097866100
60085,17097863201
60085,17097862603
60085,17097862100
60085,17097861504
60085,17097862604
60085,17097862700
60085,17097862605
60085,17097862800
60085,17097861507
60085,17097862300
60085,17097861804
60086,17097863004
60087,17097861902
60087,17097861803
60087,17097861507
60087,17097860600
60087,17097866000
60087,17097862200
60087,17097861504
60087,17097861506
60087,17097861804
60087,17097861901
60087,17097862100
60087,17097861702
60087,17097861701
60087,17097860400
60087,17097866100
60088,17097863005
60088,17097863003
60088,17097863100
60088,17097863004
60089,17097864521
60089,17097864516
60089,17031802503
60089,17031803012
60089,17031803010
60089,17031803007
60089,17097864505
60089,17097864512
60089,17097864517
60089,17097864515
60089,17097864518
60089,17097864519
60089,17097864514
60089,17097864520
60089,17031803005
60089,17031803013
60089,17031802404
60089,17031802403
60090,17031802609
60090,17031802504
60090,17031802503
60090,17031802505
60090,17097864520
60090,17031803015
60090,17097864505
60090,17031802403
60090,17031802402
60090,17031802506
60090,17031803014
60090,17031802605
60090,17031803007
60090,17031802404
60091,17031801400
60091,17031801902
60091,17031801300
60091,17031801000
60091,17031801100
60091,17031801200
60091,17031800900
60091,17031800700
60091,17031800600
60091,17031800800
60093,17031800800
60093,17031800400
60093,17031800100
60093,17031800700
60093,17031800600
60093,17031801902
60093,17031800300
60093,17031800500
60093,17031801901
60093,17031801800
60095,17031803901
60096,17097860101
60096,17097860104
60096,17097860103
60097,17111870603
60097,17111870703
60097,17111870101
60097,17111870401
60097,17111870500
60098,17111870803
60098,17111870402
60098,17111870902
60098,17111870903
60098,17111870200
60098,17111870904
60098,17111870101
60098,17111870401
60098,17111870905
60098,17111870500
60098,17111871500
60098,17111871106
60099,17097860301
60099,17097860400
60099,17097860200
60099,17097860104
60099,17097866000
60099,17097860302
60099,17097860600
60099,17097860500
60099,17097860101
60101,17043840908
60101,17043846603
60101,17043840906
60101,17043846604
60101,17043846702
60101,17043840907
60101,17043840901
60101,17043840103
60101,17043840304
60101,17043840303
60101,17043840202
60101,17043846701
60101,17043840104
60101,17043840904
60102,17089850301
60102,17089850106
60102,17111871310
60102,17111871107
60102,17031804201
60102,17111871404
60102,17111871206
60102,17111871402
60102,17089850105
60102,17111871311
60102,17111871207
60102,17089850101
60102,17111871104
60102,17111871600
60103,17043841318
60103,17043841314
60103,17043841321
60103,17031804508
60103,17043841316
60103,17089851801
60103,17043841308
60103,17031804406
60103,17043841327
60103,17031804505
60103,17043841325
60103,17031804507
60103,17043841322
60103,17043841315
60103,17043841310
60103,17043841323
60103,17031804506
60103,17043841326
60104,17031818300
60104,17031816900
60104,17031816800
60104,17031818200
60104,17031817000
60104,17031817102
60104,17031817101
60106,17043840000
60106,17043840703
60106,17043840802
60106,17043840103
60106,17043840801
60106,17043840704
60106,17043840101
60107,17031804506
60107,17031804507
60107,17043841102
60107,17031804305
60107,17031804306
60107,17031804309
60107,17031804509
60107,17031804310
60107,17031804308
60107,17031804505
60107,17031804711
60107,17031804508
60108,17043841110
60108,17043840904
60108,17043841113
60108,17043841204
60108,17043841103
60108,17043840907
60108,17043841112
60108,17043841109
60108,17043841111
60108,17043841209
60108,17043841002
60108,17043841114
60109,17089850703
60110,17089850201
60110,17089850302
60110,17089850103
60110,17089850202
60110,17089850106
60110,17089850105
60110,17089850101
60110,17089850701
60110,17089850301
60110,17089850400
60111,17037000400
60111,17037000300
60112,17037000800
60112,17037001600
60113,17141961100
60115,17037001700
60115,17037000900
60115,17037002200
60115,17037001300
60115,17037001001
60115,17037000500
60115,17037001002
60115,17037001800
60115,17037000300
60115,17037000800
60115,17037001600
60115,17037001500
60115,17037001400
60117,17043841114
60118,17089850600
60118,17089850105
60118,17089850106
60118,17089850400
60118,17089850103
60118,17089851910
60118,17089850302
60118,17089850202
60118,17089850701
60118,17089850500
60119,17089854501
60119,17089852403
60119,17037001700
60119,17089852402
60120,17089850800
60120,17089854600
60120,17031804405
60120,17089851301
60120,17043841308
60120,17089851500
60120,17031804406
60120,17031804311
60120,17031804404
60120,17031804507
60120,17089850500
60120,17089851400
60120,17031804506
60120,17031804310
60120,17089851801
60120,17089852001
60120,17031804403
60120,17089851302
60121,17089851905
60121,17089854600
60122,17043841208
60123,17089854900
60123,17089851102
60123,17089851910
60123,17089851600
60123,17089850600
60123,17089850500
60123,17089851905
60123,17089851101
60123,17089851000
60123,17089851907
60123,17089851904
60123,17089854600
60123,17089851500
60123,17089851909
60123,17089851908
60124,17089851910
60124,17089850600
60124,17089851904
60124,17089850103
60124,17089850701
60124,17089851905
60124,17089850703
60124,17089851907
60126,17043840600
60126,17043844001
60126,17043843000
60126,17043842900
60126,17043840703
60126,17043840706
60126,17043844100
60126,17031818401
60126,17043843800
60126,17043840705
60126,17043844002
60126,17043842800
60126,17043844602
60126,17043843900
60126,17043844601
60129,17037000300
60129,17141961100
60129,17037000200
60129,17141961000
60130,17031816100
60130,17031816000
60130,17031812000
60130,17031815900
60131,17031811200
60131,17031811702
60131,17031811301
60131,17031980000
60131,17031811600
60131,17031811302
60131,17031811402
60131,17031811401
60131,17031811701
60131,17031811500
60133,17043841209
60133,17031804309
60133,17043841320
60133,17043841102
60133,17031804511
60133,17031804805
60133,17043841114
60133,17043841314
60133,17043841315
60133,17031804510
60133,17031804509
60133,17031804804
60133,17043841108
60133,17043841321
60133,17043841318
60133,17031804806
60133,17031804505
60133,17043841322
60133,17031804807
60134,17089852606
60134,17089852601
60134,17089852500
60134,17089854501
60134,17089852201
60134,17089854800
60135,17007010400
60135,17089850702
60135,17037000400
60135,17037000200
60135,17037000100
60135,17111871004
60136,17089850600
60136,17089850701
60137,17043842708
60137,17043842000
60137,17043842300
60137,17043842702
60137,17043844201
60137,17043842711
60137,17043840908
60137,17043841703
60137,17043842710
60137,17043840910
60137,17043841902
60137,17043842100
60137,17043841705
60137,17043841901
60137,17043842704
60137,17043842706
60137,17043842200
60137,17043841706
60138,17043842100
60138,17043842200
60139,17043840911
60139,17043841113
60139,17043840910
60139,17043841204
60139,17043840908
60139,17043841703
60139,17043841109
60139,17043841207
60139,17043841208
60139,17043841705
60139,17043840904
60140,17089850702
60140,17089850701
60140,17037000100
60140,17111871500
60140,17089850703
60141,17031817900
60141,17031817500
60142,17111871107
60142,17111871108
60142,17111871106
60142,17089850702
60142,17111871109
60142,17111871104
60142,17089850701
60142,17111871500
60143,17043840101
60143,17043841003
60143,17043840201
60143,17043840901
60143,17043840202
60143,17031770300
60144,17089852403
60145,17037000200
60145,17037000400
60145,17037000300
60145,17037000100
60145,17007010400
60146,17007010400
60146,17037000300
60146,17201003705
60146,17037000200
60146,17141961000
60147,17089854501
60148,17043843602
60148,17043844305
60148,17043843500
60148,17043846702
60148,17043841706
60148,17043843601
60148,17043840904
60148,17043844306
60148,17043844202
60148,17043843400
60148,17043842709
60148,17043844301
60148,17043844307
60148,17043843302
60148,17043844201
60148,17043843301
60148,17043844304
60148,17043840908
60148,17043844401
60150,17037000300
60150,17037001800
60151,17089852403
60151,17037000400
60151,17037001600
60151,17089850703
60151,17089852401
60151,17037001700
60151,17089852402
60152,17037000100
60152,17111871003
60152,17007010500
60152,17111870200
60152,17111871500
60152,17111871004
60152,17007010400
60153,17031817200
60153,17031817700
60153,17031817400
60153,17031817900
60153,17031817600
60153,17031817300
60153,17031817102
60153,17031816100
60153,17031817500
60154,17031818402
60154,17031818200
60154,17031818100
60154,17031818401
60154,17031818500
60155,17031818600
60155,17031817900
60155,17031818000
60156,17111871104
60156,17111871206
60156,17111871109
60156,17111871205
60156,17111871107
60156,17111871306
60156,17111871209
60156,17111871108
60156,17111871207
60156,17111871311
60156,17111871106
60156,17111871208
60157,17043841004
60157,17043841003
60157,17043840901
60157,17043841002
60159,17031804603
60160,17031811200
60160,17031811302
60160,17031816300
60160,17031811702
60160,17031817400
60160,17031811301
60160,17031816500
60160,17031816401
60160,17031816200
60160,17031816402
60160,17031817000
60161,17031816500
60162,17031818401
60162,17031818402
60162,17031818300
60162,17031818500
60162,17031816800
60163,17031816800
60163,17031816500
60164,17031811302
60164,17031816500
60164,17031818401
60164,17031811702
60164,17031811701
60164,17031811402
60164,17031811301
60164,17031816700
60164,17031816800
60164,17031811800
60165,17031816500
60165,17031816600
60168,17031804709
60169,17031804705
60169,17031804305
60169,17031804701
60169,17031804603
60169,17031804608
60169,17031804713
60169,17031804709
60169,17031804710
60169,17031804716
60169,17031804706
60169,17031804711
60169,17031804715
60169,17031804714
60171,17031170600
60171,17031811302
60171,17031811200
60171,17031811100
60172,17043841002
60172,17043841111
60172,17043841112
60172,17031804608
60172,17043841108
60172,17043841104
60172,17031804606
60172,17043841103
60172,17031804607
60172,17043841003
60172,17043841102
60172,17043841004
60172,17031804803
60172,17031804709
60173,17031804603
60173,17031804608
60173,17031770202
60173,17031804109
60173,17031804609
60173,17031804108
60173,17031804102
60173,17031804105
60174,17089852102
60174,17089852500
60174,17089852003
60174,17043841312
60174,17043841310
60174,17089852300
60174,17089852201
60174,17089852001
60174,17089852202
60174,17089852002
60174,17043841313
60175,17089850701
60175,17089852202
60175,17089852101
60175,17089852401
60175,17089852102
60175,17089851905
60175,17089852001
60175,17089852402
60176,17031811500
60176,17031811600
60176,17031980000
60176,17031770800
60177,17089852001
60177,17089852102
60177,17089851905
60177,17089854900
60177,17089851801
60177,17089851907
60177,17089852101
60178,17037000900
60178,17037000400
60178,17037001600
60178,17037000500
60178,17037000600
60178,17037000800
60178,17037000700
60178,17089850702
60178,17089850703
60178,17037000100
60179,17031804201
60180,17111871004
60180,17111871003
60180,17111871500
60181,17043843200
60181,17043843100
60181,17043844501
60181,17043843302
60181,17043844402
60181,17043843000
60181,17043844306
60181,17043843301
60181,17043844601
60181,17043843800
60181,17043846702
60181,17043843700
60181,17043843601
60181,17043844307
60183,17089852402
60184,17043841308
60184,17043841310
60184,17089852003
60184,17043841327
60184,17043841313
60184,17089852001
60185,17043841324
60185,17089852500
60185,17043841503
60185,17043841501
60185,17043841404
60185,17043841325
60185,17043841603
60185,17043841310
60185,17043841403
60185,17043841605
60185,17043841313
60185,17043841312
60185,17089852003
60185,17043841307
60185,17043841326
60185,17043841504
60185,17043841401
60185,17043841327
60186,17043841501
60187,17043841901
60187,17043841802
60187,17043842704
60187,17043842605
60187,17043842604
60187,17043842500
60187,17043841404
60187,17043841704
60187,17043841703
60187,17043842603
60187,17043842400
60187,17043841902
60187,17043841801
60188,17043841326
60188,17043841325
60188,17043841323
60188,17043841705
60188,17043841324
60188,17043841704
60188,17043841802
60188,17043841209
60188,17043841210
60188,17043841208
60188,17043841307
60188,17043841206
60188,17043841703
60188,17043841205
60189,17043842400
60189,17043841603
60189,17043841606
60189,17043842602
60189,17043842703
60189,17043842601
60189,17043842604
60189,17043842500
60189,17043842605
60189,17043842702
60189,17043842711
60189,17043842704
60190,17043841603
60190,17043841326
60190,17043841401
60190,17043841802
60190,17043841704
60190,17043841404
60190,17043841403
60190,17043842603
60191,17043840101
60191,17043840103
60191,17043840202
60191,17043840102
60191,17043840104
60192,17031804104
60192,17031804714
60192,17031804105
60192,17031804201
60192,17031804202
60192,17031804311
60192,17031804403
60192,17089850500
60193,17031804609
60193,17031804808
60193,17031804807
60193,17031804804
60193,17031804805
60193,17031804803
60193,17031804809
60193,17031804610
60193,17031804810
60193,17031804606
60193,17031804308
60193,17031804611
60193,17031804806
60194,17031804308
60194,17031804715
60194,17031804808
60194,17031804710
60194,17031804712
60194,17031804611
60194,17031804716
60194,17031804610
60194,17031804810
60194,17031804709
60194,17031804607
60194,17031804711
60194,17031804713
60194,17031804805
60194,17031804608
60194,17031804706
60195,17031804713
60195,17031804706
60195,17031804709
60195,17031804105
60195,17031804714
60195,17031804603
60196,17031804105
60196,17031804714
60199,17043841208
60201,17031809600
60201,17031806700
60201,17031809500
60201,17031809100
60201,17031808800
60201,17031801000
60201,17031808900
60201,17031808702
60201,17031809200
60201,17031809300
60201,17031809000
60201,17031809400
60202,17031810100
60202,17031810301
60202,17031807600
60202,17031809800
60202,17031810200
60202,17031809900
60202,17031809700
60202,17031810000
60202,17031810302
60202,17031020100
60203,17031807100
60203,17031806700
60203,17031809000
60204,17031809800
60204,17031809500
60204,17031808900
60208,17031809400
60208,17031809300
60208,17031809500
60208,17031808800
60208,17031808702
60301,17031812301
60301,17031812400
60302,17031812400
60302,17031813000
60302,17031812200
60302,17031812700
60302,17031812802
60302,17031812500
60302,17031812100
60302,17031812600
60302,17031812301
60302,17031812801
60302,17031812900
60302,17031812302
60303,17031812301
60304,17031815900
60304,17031813000
60304,17031812900
60304,17031812100
60304,17031813100
60304,17031813200
60305,17031811900
60305,17031815900
60305,17031812000
60401,17197883809
60401,17197883811
60401,17091010900
60401,17197883903
60401,17197883602
60401,17091010100
60401,17197883808
60401,17197883902
60402,17031815100
60402,17031814800
60402,17031814600
60402,17031815200
60402,17031820800
60402,17031814700
60402,17031815400
60402,17031815300
60402,17031815500
60402,17031820700
60402,17031814900
60402,17031815000
60402,17031820300
60403,17197881402
60403,17197883208
60403,17197881604
60403,17197880905
60403,17197880901
60403,17197880412
60403,17197881401
60403,17197884103
60403,17197880903
60404,17197883214
60404,17197882701
60404,17197880416
60404,17197883212
60404,17197883213
60404,17197883216
60404,17197883215
60404,17197883210
60406,17031826800
60406,17031821300
60406,17031823302
60406,17031824800
60406,17031750400
60406,17031821402
60406,17031823500
60406,17031821200
60406,17031824300
60406,17031823400
60406,17031823603
60407,17063000800
60407,17197884004
60407,17063000900
60408,17197883402
60408,17197884003
60408,17197884004
60408,17063000800
60409,17031825803
60409,17031825900
60409,17031825700
60409,17031825802
60409,17031826201
60409,17031826202
60409,17031826100
60409,17031826000
60409,17031827901
60409,17031825801
60410,17197883303
60410,17197883211
60410,17197883305
60410,17063000103
60410,17197883212
60410,17197883306
60411,17031829500
60411,17031828505
60411,17031829000
60411,17031829301
60411,17031829401
60411,17031828503
60411,17031828802
60411,17031828801
60411,17031829100
60411,17031828602
60411,17031828504
60411,17031829302
60411,17031828506
60411,17031828701
60411,17031828702
60411,17031829402
60411,17031829600
60411,17031829200
60411,17031829700
60411,17031828900
60411,17197883806
60412,17031828900
60415,17031823001
60415,17031822400
60415,17031823002
60415,17031822302
60415,17031823101
60416,17197884003
60416,17063000800
60416,17063000700
60416,17197883402
60417,17031829700
60417,17197883606
60417,17197883804
60417,17197883810
60417,17197883808
60417,17197883806
60417,17197883811
60417,17197883700
60417,17031828504
60417,17197883603
60417,17197883803
60417,17197883809
60418,17031824503
60418,17031824701
60418,17031823603
60418,17031824400
60418,17031824601
60418,17031823605
60418,17031823602
60419,17031826600
60419,17031826304
60419,17031825801
60419,17031826500
60419,17031827802
60419,17031826303
60419,17031826401
60419,17031826201
60419,17031826402
60419,17031826301
60420,17105960100
60420,17063000600
60420,17105960200
60421,17197883304
60421,17197883307
60421,17197883100
60421,17197883306
60422,17031829902
60422,17031828601
60422,17031829301
60422,17031829800
60422,17031828801
60423,17197883516
60423,17031829901
60423,17031830001
60423,17197883511
60423,17197883504
60423,17197883510
60423,17197883513
60423,17197883505
60423,17031830003
60423,17197883522
60423,17031830008
60423,17197883514
60423,17197883515
60423,17197883507
60423,17197883602
60424,17063000600
60424,17063000900
60424,17091010300
60424,17063000800
60425,17031828300
60425,17031828702
60425,17031828602
60425,17031828701
60426,17031826902
60426,17031827400
60426,17031828300
60426,17031827500
60426,17031826800
60426,17031827000
60426,17031827100
60426,17031824800
60426,17031826901
60426,17031827300
60426,17031827200
60426,17031824900
60426,17031826500
60426,17031828402
60428,17031825600
60428,17031824702
60428,17031825503
60428,17031825200
60428,17031824900
60428,17031825501
60428,17031827600
60428,17031827400
60428,17031824800
60429,17031825600
60429,17031825501
60429,17031827700
60429,17031825504
60429,17031825503
60429,17031827500
60429,17031828401
60429,17031829902
60429,17031828402
60430,17031828300
60430,17031829902
60430,17031825503
60430,17031829800
60430,17031828402
60430,17031828601
60430,17031825504
60430,17031828401
60430,17031828602
60431,17197883215
60431,17093890700
60431,17197883209
60431,17197883210
60431,17197880414
60431,17197883216
60431,17197883214
60431,17197883211
60431,17197880415
60431,17197883206
60431,17197880412
60431,17197883213
60431,17197883208
60432,17197881009
60432,17197882100
60432,17197881200
60432,17197881108
60432,17197882000
60432,17197881900
60432,17197882300
60432,17197881301
60432,17197882200
60432,17197880702
60432,17197881010
60432,17197881302
60433,17197882300
60433,17197883100
60433,17197881112
60433,17197883000
60433,17197882400
60433,17197881700
60433,17197881109
60433,17197881108
60433,17197882500
60433,17197882000
60434,17197882000
60434,17197882802
60435,17197881900
60435,17197881700
60435,17197883209
60435,17197880905
60435,17197882702
60435,17197882802
60435,17197882701
60435,17197880415
60435,17197881604
60435,17197884103
60435,17197883208
60435,17197880901
60435,17197881401
60435,17093890700
60435,17197881402
60435,17197881800
60435,17197881601
60435,17197880412
60435,17197883210
60435,17197883206
60435,17197881500
60435,17197880903
60435,17197881603
60435,17197882801
60435,17197880414
60436,17197883100
60436,17197883210
60436,17197882701
60436,17197882500
60436,17197883306
60436,17197881900
60436,17197882900
60436,17197882802
60436,17197883307
60436,17197882702
60436,17197882801
60436,17197882601
60436,17197883211
60436,17197882000
60436,17197882602
60437,17099963700
60437,17063000600
60438,17031828506
60438,17031828100
60438,17031828505
60438,17031827902
60438,17031828201
60438,17031827901
60438,17031828000
60438,17031828202
60439,17031824003
60439,17031824005
60439,17043845901
60439,17197880202
60439,17197881002
60439,17043845803
60439,17031824004
60439,17031824006
60439,17197881001
60440,17197880105
60440,17197880121
60440,17197880107
60440,17197880117
60440,17197880109
60440,17197880112
60440,17197880120
60440,17197880118
60440,17043846311
60440,17197880106
60440,17197880113
60440,17197880202
60440,17197880111
60440,17197880114
60440,17197880115
60440,17197880116
60441,17197980100
60441,17197881007
60441,17197880702
60441,17197880602
60441,17197884101
60441,17197880701
60441,17197880415
60441,17197881001
60441,17197880903
60441,17197881010
60441,17197880202
60441,17197880601
60441,17197880502
60441,17197881009
60441,17197880901
60441,17197884103
60442,17197883304
60442,17197881113
60442,17197881109
60442,17197883509
60442,17197883307
60442,17197881112
60442,17197883510
60442,17197883507
60443,17031830006
60443,17031830008
60443,17031830100
60443,17031830201
60443,17031830202
60443,17031829902
60443,17031830003
60443,17031830004
60443,17031830007
60443,17031830001
60444,17063000700
60444,17063000500
60444,17063000600
60444,17063000800
60445,17031824503
60445,17031824701
60445,17031824602
60445,17031824400
60445,17031824702
60445,17031825000
60445,17031824601
60446,17197880204
60446,17197880410
60446,17197880507
60446,17197880505
60446,17197880121
60446,17197884103
60446,17197880203
60446,17197880202
60446,17197884101
60446,17197880408
60447,17197883212
60447,17063000103
60447,17063000200
60447,17063000102
60447,17093890700
60447,17197883303
60448,17197881105
60448,17197883513
60448,17197881010
60448,17197881007
60448,17197883522
60448,17197883516
60448,17197883515
60448,17197883514
60448,17031824119
60448,17197883519
60448,17197883517
60448,17197883521
60449,17197883903
60449,17031830008
60449,17197883602
60449,17197883507
60449,17197883510
60449,17197883606
60450,17063000103
60450,17063000102
60450,17063000200
60450,17063000700
60450,17063000500
60450,17063000400
60450,17063000300
60450,17093890700
60450,17063000600
60451,17197881105
60451,17197881116
60451,17197881108
60451,17197881109
60451,17197881111
60451,17197881113
60451,17197881112
60451,17197881107
60451,17197881115
60451,17197883510
60451,17197883516
60452,17031824505
60452,17031824506
60452,17031825000
60452,17031825302
60452,17031824503
60452,17031825200
60452,17031824507
60452,17031824601
60452,17031824602
60452,17031825600
60453,17031822802
60453,17031823001
60453,17031822101
60453,17031822302
60453,17031822702
60453,17031822601
60453,17031822301
60453,17031822200
60453,17031822801
60453,17031823200
60453,17031822900
60453,17031822701
60453,17031822500
60453,17031822602
60453,17031822102
60453,17031822400
60454,17031822102
60455,17031820501
60455,17031820502
60455,17031821001
60455,17031822900
60455,17031820901
60455,17031820604
60455,17031823703
60456,17031822000
60457,17031823703
60457,17031823705
60457,17031823702
60457,17031820606
60457,17031823704
60457,17031820605
60458,17031820605
60458,17031820606
60458,17031820501
60458,17031820603
60458,17031820604
60459,17031821002
60459,17031821102
60459,17031821001
60459,17031820902
60459,17031820901
60459,17031821101
60460,17105960300
60460,17105960200
60460,17105960500
60461,17031829301
60461,17031830005
60461,17031830004
60462,17031824506
60462,17031824116
60462,17031823903
60462,17031824105
60462,17031824114
60462,17031824108
60462,17031824106
60462,17031824503
60462,17031823901
60462,17031823904
60462,17031824107
60462,17031823801
60462,17031824121
60462,17031824115
60463,17031823903
60463,17031823605
60463,17031823602
60463,17031823904
60463,17031824503
60463,17031823604
60463,17031823901
60464,17031823801
60464,17031823904
60464,17031823903
60464,17031824004
60464,17031823901
60465,17031823805
60465,17031823703
60465,17031823806
60465,17031823702
60465,17031823803
60465,17031823801
60466,17031830100
60466,17197883603
60466,17197883803
60466,17031829402
60466,17197883804
60466,17031830300
60466,17031830400
60466,17031830202
60467,17031824114
60467,17197883522
60467,17031824113
60467,17031824106
60467,17031823801
60467,17031824119
60467,17031824108
60467,17031824120
60467,17197881006
60467,17197883519
60467,17031824116
60468,17091010100
60468,17091010202
60468,17197883903
60468,17197883507
60468,17197883904
60468,17197883304
60469,17031826800
60469,17031824800
60470,17099963700
60470,17063000600
60470,17105960300
60471,17197883603
60471,17031830008
60471,17031830201
60471,17031830007
60472,17031824300
60472,17031823603
60472,17031824400
60473,17031827500
60473,17031827802
60473,17031827901
60473,17031826201
60473,17031827200
60473,17031827805
60473,17031826301
60473,17031826304
60473,17031827801
60473,17031826303
60473,17031827804
60473,17031828300
60474,17063000900
60475,17031829700
60475,17197883700
60475,17197883803
60475,17031829600
60475,17031829402
60475,17197883810
60475,17197883804
60475,17031829500
60476,17031828300
60477,17031824505
60477,17031825501
60477,17031824507
60477,17197883514
60477,17031824122
60477,17031824123
60477,17031825304
60477,17031825303
60477,17031825400
60477,17031825302
60477,17031829901
60477,17031824506
60478,17031829902
60478,17031825504
60478,17031825505
60478,17031825501
60478,17031829901
60478,17031825600
60479,17063000600
60479,17063000500
60480,17031823801
60480,17031820606
60480,17031820202
60480,17031820201
60481,17091010300
60481,17197884005
60481,17197980000
60481,17197883304
60481,17197884006
60481,17197883401
60481,17197884004
60481,17197883402
60481,17197883306
60481,17063000700
60482,17031823102
60482,17031823200
60482,17031823806
60482,17031823101
60484,17197883809
60484,17197883804
60484,17197883602
60484,17197883603
60484,17197883605
60484,17031830007
60484,17031830300
60484,17197883606
60487,17031824120
60487,17031824108
60487,17197883514
60487,17031824121
60487,17197883513
60487,17197883511
60487,17031824117
60490,17197880120
60490,17197880121
60490,17197880308
60490,17197880202
60490,17197880306
60490,17197880411
60491,17197881005
60491,17197881007
60491,17197881012
60491,17197881002
60491,17197881006
60491,17031824113
60491,17197881009
60491,17197881010
60491,17197881001
60491,17197881011
60499,17031820901
60501,17031820603
60501,17031820502
60501,17031820501
60501,17031820400
60501,17031820300
60501,17031820202
60502,17043841604
60502,17043846409
60502,17089852903
60502,17089852906
60502,17043846507
60502,17043846517
60502,17089852806
60502,17043846408
60502,17089853400
60502,17089852904
60502,17089854400
60502,17043846411
60503,17089854400
60503,17093890101
60503,17197880314
60503,17197880313
60504,17043846510
60504,17043846514
60504,17089854400
60504,17043846507
60504,17043846509
60504,17043846511
60504,17043846515
60504,17043846518
60504,17093890101
60504,17043846519
60504,17043846517
60505,17089854301
60505,17089854302
60505,17089852903
60505,17089852907
60505,17089853500
60505,17089854100
60505,17089854002
60505,17089854200
60505,17089854400
60505,17089853600
60505,17089854700
60505,17089853300
60505,17089852904
60505,17089853400
60505,17089852906
60506,17089853007
60506,17089853200
60506,17089854504
60506,17093890400
60506,17089853001
60506,17089853100
60506,17089854503
60506,17089853006
60506,17089852905
60506,17089854001
60506,17089853005
60506,17089853008
60506,17089854700
60506,17089854002
60506,17089853900
60507,17089853300
60510,17089852807
60510,17089852906
60510,17089852700
60510,17089852803
60510,17089852805
60510,17089852806
60510,17089852808
60510,17089854800
60510,17089852500
60510,17089854501
60510,17089852606
60511,17037001700
60511,17089852403
60511,17093890500
60512,17093890400
60513,17031818800
60513,17031818700
60513,17031819400
60513,17031819300
60513,17031815800
60513,17031819500
60513,17031819200
60514,17043845509
60514,17043845100
60514,17043844702
60514,17043845502
60514,17043845000
60515,17043845601
60515,17043845701
60515,17043846314
60515,17043844305
60515,17043845702
60515,17043844801
60515,17043844901
60515,17043844401
60515,17043844802
60515,17043844701
60515,17043842706
60515,17043844402
60515,17043846002
60515,17043845602
60515,17043844301
60515,17043844902
60516,17043846308
60516,17043845701
60516,17043845704
60516,17043846002
60516,17043845807
60516,17043845703
60516,17043845802
60516,17043845601
60516,17043845505
60516,17043845809
60516,17043845702
60516,17043846307
60516,17043845808
60516,17043846314
60516,17043845602
60516,17043845506
60516,17043845810
60517,17043845802
60517,17043846308
60517,17043845809
60517,17043846314
60517,17043846313
60517,17043846310
60517,17043846304
60517,17043845803
60517,17197880202
60517,17043846315
60517,17043846311
60517,17043846307
60517,17043846305
60517,17043845703
60517,17043845808
60518,17103000900
60518,17037001800
60518,17099962200
60518,17099961800
60519,17043846408
60520,17089852403
60520,17037001700
60521,17043844601
60521,17043845401
60521,17043845402
60521,17043844702
60521,17031820101
60521,17043845300
60521,17043845200
60521,17031820000
60522,17043845300
60522,17043844601
60523,17043844501
60523,17043844702
60523,17031818500
60523,17043844602
60523,17043844401
60523,17031819000
60523,17043844502
60523,17043844601
60523,17043844306
60523,17043844402
60525,17031820201
60525,17031820104
60525,17031819802
60525,17031818600
60525,17031819400
60525,17031819000
60525,17031819600
60525,17031819700
60525,17031819500
60525,17031820101
60525,17031820103
60525,17031820202
60526,17031819700
60526,17031819500
60526,17031819000
60526,17031818900
60526,17031818600
60527,17043845803
60527,17043845901
60527,17043845902
60527,17043845502
60527,17031820201
60527,17031820101
60527,17043845805
60527,17043845506
60527,17043845401
60527,17043845402
60527,17043845811
60527,17043845509
60527,17043845507
60527,17043845508
60527,17043845810
60530,17103000900
60530,17103000100
60530,17037000300
60530,17037001800
60531,17099961702
60531,17099961800
60531,17037001800
60531,17037001900
60531,17099961701
60532,17043846004
60532,17043846314
60532,17043846202
60532,17043846315
60532,17043846104
60532,17043846003
60532,17043846002
60532,17043846102
60532,17043846312
60532,17043846313
60532,17043842711
60534,17031815701
60534,17031819100
60534,17031815702
60534,17031819200
60534,17031820202
60536,17093890600
60537,17099962300
60537,17093890600
60537,17099961702
60538,17093890301
60538,17089854002
60538,17093890302
60538,17093890202
60538,17089854503
60538,17089854400
60538,17093890201
60538,17093890101
60538,17093890400
60539,17089852808
60540,17043846313
60540,17043846521
60540,17043846205
60540,17043846519
60540,17043846305
60540,17043846103
60540,17043846104
60540,17043846523
60540,17043846202
60540,17043846304
60540,17043846208
60540,17043846522
60540,17043846524
60540,17043846504
60540,17043846203
60540,17043846206
60540,17043846209
60541,17099962300
60541,17063000200
60541,17093890700
60541,17099961702
60541,17093890600
60542,17089852808
60542,17089852905
60542,17089854501
60542,17089853004
60542,17089854504
60542,17089852807
60542,17089853008
60542,17089852906
60542,17089853001
60542,17089852805
60543,17197880314
60543,17093890101
60543,17093890700
60543,17093890400
60543,17089854002
60543,17093890201
60543,17093890102
60543,17093890302
60543,17093890301
60544,17197884101
60544,17197880507
60544,17197880204
60544,17197880308
60544,17197880417
60544,17197880314
60544,17197880901
60544,17197880404
60544,17197880411
60544,17197880415
60544,17093890101
60544,17197880503
60544,17197880408
60544,17093890700
60544,17197880421
60544,17197880418
60544,17197880410
60545,17093890400
60545,17089852403
60545,17093890600
60545,17093890500
60546,17031815800
60546,17031816100
60546,17031814800
60546,17031818000
60546,17031819100
60546,17031815702
60546,17031815600
60546,17031815701
60546,17031817900
60548,17037001900
60548,17099961701
60548,17099961702
60548,17037002100
60548,17037002000
60548,17037001700
60548,17093890500
60548,17093890600
60549,17099962200
60549,17099961702
60549,17099962300
60550,17037001800
60551,17099962300
60551,17099961800
60551,17093890600
60551,17099961702
60552,17037001700
60552,17037001900
60552,17099961701
60552,17037001800
60553,17103000900
60553,17141961100
60553,17103000100
60553,17037000300
60554,17089854501
60554,17093890400
60554,17089854504
60554,17089854503
60554,17089852403
60555,17043841606
60555,17043841605
60555,17043846413
60555,17043841604
60555,17043841607
60555,17043841603
60555,17043846405
60556,17037001800
60556,17037001900
60556,17037001700
60557,17099962200
60558,17031819801
60558,17031819900
60558,17031820101
60558,17031819802
60558,17031819000
60559,17043845506
60559,17043845100
60559,17043844402
60559,17043845000
60559,17043845602
60559,17043845505
60559,17043844701
60559,17043845601
60559,17043845510
60559,17043844502
60559,17043845509
60559,17043844702
60559,17043845508
60560,17093890400
60560,17093890102
60560,17093890700
60560,17093890600
60561,17043845805
60561,17043845810
60561,17043845508
60561,17043845802
60561,17043845803
60561,17043845811
60561,17043845808
60561,17043845507
60561,17043845809
60561,17043845807
60561,17043845901
60561,17043845505
60563,17043846410
60563,17043846409
60563,17043846411
60563,17043846106
60563,17043846004
60563,17043846408
60563,17043841604
60563,17043842601
60563,17043846105
60563,17043846102
60563,17043846104
60563,17043846405
60563,17043846412
60563,17043846413
60563,17043846404
60563,17043846103
60564,17197880307
60564,17197880309
60564,17043846514
60564,17197880310
60564,17197880308
60564,17197880306
60564,17043846524
60564,17043846513
60564,17197880303
60564,17197880312
60564,17197880305
60565,17043846201
60565,17197880119
60565,17043846311
60565,17043846523
60565,17043846206
60565,17197880118
60565,17197880304
60565,17197880306
60565,17043846304
60565,17197880120
60565,17043846207
60565,17043846203
60565,17043846524
60565,17043846305
60566,17043846504
60567,17043846521
60567,17197880309
60569,17043846411
60585,17197880313
60585,17197880308
60585,17197880314
60585,17093890700
60585,17197880310
60585,17093890101
60586,17197883214
60586,17093890700
60586,17197880421
60586,17197880414
60586,17197880418
60586,17197880420
60586,17197883215
60586,17197880419
60586,17197880416
60586,17197880417
60598,17043846509
60599,17043846509
60601,17031320100
60601,17031839100
60602,17031320400
60602,17031320100
60602,17031839100
60603,17031839100
60603,17031320400
60603,17031320100
60604,17031320400
60604,17031839100
60605,17031839100
60605,17031330200
60605,17031320400
60605,17031839000
60605,17031330100
60605,17031320600
60606,17031280100
60606,17031281900
60606,17031839100
60607,17031838200
60607,17031280400
60607,17031838100
60607,17031832900
60607,17031833300
60607,17031281900
60607,17031283200
60607,17031283100
60607,17031839100
60607,17031833000
60607,17031833100
60607,17031841900
60607,17031839000
60608,17031282800
60608,17031310700
60608,17031282700
60608,17031840200
60608,17031840700
60608,17031310400
60608,17031833300
60608,17031310900
60608,17031840400
60608,17031310300
60608,17031310500
60608,17031843500
60608,17031600400
60608,17031843200
60608,17031600600
60608,17031839700
60608,17031843300
60608,17031600900
60608,17031841300
60608,17031301200
60608,17031840300
60608,17031310800
60608,17031580100
60608,17031580200
60608,17031843100
60608,17031841200
60608,17031310600
60608,17031841900
60608,17031283200
60608,17031838200
60608,17031301100
60608,17031291600
60608,17031283800
60608,17031600700
60608,17031842900
60608,17031839800
60608,17031310200
60609,17031630100
60609,17031840400
60609,17031340600
60609,17031839700
60609,17031590600
60609,17031611000
60609,17031610300
60609,17031836100
60609,17031835600
60609,17031381400
60609,17031381800
60609,17031835500
60609,17031611800
60609,17031630200
60609,17031381700
60609,17031610800
60609,17031840000
60609,17031611700
60609,17031840300
60609,17031611300
60609,17031839900
60609,17031611500
60609,17031590700
60609,17031835700
60609,17031611900
60609,17031611400
60609,17031835900
60609,17031611200
60609,17031630500
60609,17031843800
60609,17031380700
60609,17031351400
60609,17031842600
60609,17031611100
60609,17031612100
60609,17031380500
60609,17031590500
60609,17031580700
60609,17031400300
60609,17031612000
60609,17031381500
60609,17031351500
60609,17031610400
60609,17031611600
60610,17031081100
60610,17031081700
60610,17031071800
60610,17031080300
60610,17031842200
60610,17031080400
60610,17031080202
60610,17031081201
60610,17031838300
60610,17031081800
60610,17031081202
60610,17031071500
60610,17031081000
60610,17031071700
60610,17031080201
60610,17031080100
60610,17031081900
60611,17031081500
60611,17031081401
60611,17031081202
60611,17031081402
60611,17031081201
60611,17031081403
60611,17031081300
60612,17031837400
60612,17031836900
60612,17031282800
60612,17031837800
60612,17031836700
60612,17031271800
60612,17031837300
60612,17031843100
60612,17031843000
60612,17031837000
60612,17031280800
60612,17031838200
60612,17031280400
60612,17031838100
60612,17031271200
60612,17031242900
60612,17031838000
60612,17031837100
60612,17031843300
60612,17031838600
60612,17031836800
60612,17031243000
60612,17031833000
60612,17031271300
60612,17031280900
60612,17031242800
60612,17031282700
60613,17031830700
60613,17031831900
60613,17031031400
60613,17031060900
60613,17031061000
60613,17031060400
60613,17031060200
60613,17031832000
60613,17031061800
60613,17031050700
60613,17031060300
60613,17031060800
60613,17031061200
60613,17031060100
60613,17031031700
60613,17031060500
60613,17031830800
60613,17031031900
60613,17031050600
60613,17031050100
60613,17031031502
60613,17031061100
60613,17031032100
60613,17031832100
60613,17031061500
60614,17031070400
60614,17031070200
60614,17031070300
60614,17031070101
60614,17031071500
60614,17031070102
60614,17031071000
60614,17031071400
60614,17031832600
60614,17031063000
60614,17031832500
60614,17031062600
60614,17031070103
60614,17031062900
60614,17031071300
60614,17031071800
60614,17031071700
60614,17031063400
60614,17031063303
60614,17031070500
60614,17031071600
60614,17031832300
60614,17031062800
60614,17031062700
60614,17031063301
60614,17031070600
60614,17031071100
60614,17031051300
60614,17031071200
60614,17031070700
60614,17031063302
60615,17031390500
60615,17031836100
60615,17031410700
60615,17031400300
60615,17031836200
60615,17031836300
60615,17031835800
60615,17031390700
60615,17031410100
60615,17031390400
60615,17031411200
60615,17031381400
60615,17031411000
60615,17031381900
60615,17031410900
60615,17031410600
60615,17031381200
60615,17031381800
60615,17031410500
60615,17031390600
60615,17031410800
60615,17031843600
60615,17031410200
60615,17031411100
60616,17031351400
60616,17031839900
60616,17031351500
60616,17031330200
60616,17031839800
60616,17031840200
60616,17031841100
60616,17031842000
60616,17031840100
60616,17031840000
60616,17031839200
60616,17031340400
60616,17031843200
60616,17031841900
60616,17031340600
60616,17031340300
60616,17031839700
60616,17031600400
60616,17031839500
60616,17031350400
60616,17031310200
60616,17031330100
60616,17031351100
60616,17031841000
60616,17031351000
60616,17031350100
60616,17031340500
60616,17031839600
60617,17031460100
60617,17031460500
60617,17031834300
60617,17031460302
60617,17031450300
60617,17031460301
60617,17031510100
60617,17031460600
60617,17031461000
60617,17031520200
60617,17031480100
60617,17031510200
60617,17031460200
60617,17031520300
60617,17031460700
60617,17031520100
60617,17031480300
60617,17031480200
60617,17031510300
60617,17031838800
60617,17031460400
60617,17031550100
60617,17031520600
60617,17031480400
60617,17031520400
60617,17031833900
60617,17031520500
60617,17031480500
60618,17031051000
60618,17031140601
60618,17031050300
60618,17031210900
60618,17031830900
60618,17031160700
60618,17031051200
60618,17031160300
60618,17031210100
60618,17031210501
60618,17031050100
60618,17031210800
60618,17031140702
60618,17031210700
60618,17031050900
60618,17031051100
60618,17031051300
60618,17031050200
60618,17031140602
60618,17031160900
60618,17031160601
60618,17031210602
60618,17031050800
60618,17031040900
60618,17031160502
60618,17031160800
60618,17031160400
60618,17031161000
60618,17031843700
60618,17031140800
60618,17031050500
60618,17031160602
60618,17031210601
60618,17031210502
60618,17031160501
60618,17031051400
60618,17031050600
60618,17031050700
60618,17031831100
60619,17031440700
60619,17031430300
60619,17031691500
60619,17031430500
60619,17031834300
60619,17031690500
60619,17031500100
60619,17031440202
60619,17031691300
60619,17031470100
60619,17031480300
60619,17031490400
60619,17031841800
60619,17031440800
60619,17031480200
60619,17031440300
60619,17031440201
60619,17031691400
60619,17031440600
60619,17031490500
60619,17031834200
60619,17031690400
60619,17031440101
60619,17031430400
60619,17031690900
60619,17031510300
60619,17031440102
60619,17031691000
60619,17031440900
60619,17031490300
60620,17031710400
60620,17031710800
60620,17031711400
60620,17031710600
60620,17031711200
60620,17031710900
60620,17031681300
60620,17031700501
60620,17031730300
60620,17031730100
60620,17031842400
60620,17031710700
60620,17031711000
60620,17031710500
60620,17031710200
60620,17031730202
60620,17031691200
60620,17031711100
60620,17031730201
60620,17031710300
60620,17031720100
60620,17031821600
60620,17031711500
60620,17031711300
60620,17031700100
60620,17031834000
60620,17031700502
60620,17031710100
60621,17031691100
60621,17031834600
60621,17031834800
60621,17031680900
60621,17031680600
60621,17031400500
60621,17031842500
60621,17031681100
60621,17031834700
60621,17031681300
60621,17031681000
60621,17031834500
60621,17031681400
60621,17031690300
60621,17031400800
60621,17031680500
60621,17031681200
60622,17031241200
60622,17031242800
60622,17031240200
60622,17031243200
60622,17031243100
60622,17031242500
60622,17031242300
60622,17031836600
60622,17031242900
60622,17031243000
60622,17031242400
60622,17031241100
60622,17031241300
60622,17031242700
60622,17031242100
60622,17031242200
60622,17031241500
60622,17031240900
60622,17031832300
60622,17031241400
60622,17031842300
60622,17031836700
60622,17031831000
60622,17031242600
60622,17031241000
60622,17031243300
60622,17031241600
60622,17031240300
60622,17031242000
60623,17031292200
60623,17031290900
60623,17031841500
60623,17031300900
60623,17031292500
60623,17031300800
60623,17031841600
60623,17031838700
60623,17031830500
60623,17031840800
60623,17031843100
60623,17031301100
60623,17031301802
60623,17031301801
60623,17031300500
60623,17031292400
60623,17031841700
60623,17031840700
60623,17031300600
60623,17031301702
60623,17031843500
60623,17031300700
60623,17031301803
60623,17031291200
60623,17031301600
60623,17031841400
60623,17031301701
60623,17031843400
60623,17031814200
60624,17031836800
60624,17031260200
60624,17031260700
60624,17031837300
60624,17031291200
60624,17031290900
60624,17031843000
60624,17031260100
60624,17031271500
60624,17031271300
60624,17031252202
60624,17031841500
60624,17031260500
60624,17031842100
60624,17031260600
60624,17031260900
60624,17031260400
60624,17031838700
60624,17031231500
60624,17031260300
60624,17031260800
60624,17031271400
60624,17031836900
60624,17031270500
60624,17031261000
60624,17031836700
60625,17031040800
60625,17031140702
60625,17031040401
60625,17031160501
60625,17031040600
60625,17031040100
60625,17031140100
60625,17031040900
60625,17031040201
60625,17031140701
60625,17031140601
60625,17031140200
60625,17031831800
60625,17031040300
60625,17031040402
60625,17031140602
60625,17031140800
60625,17031140302
60625,17031040202
60625,17031830800
60625,17031140301
60625,17031040700
60626,17031010201
60626,17031010701
60626,17031010100
60626,17031010502
60626,17031010202
60626,17031010503
60626,17031010300
60626,17031830600
60626,17031030200
60626,17031010400
60626,17031010501
60626,17031010600
60626,17031010702
60626,17031020500
60628,17031540102
60628,17031490500
60628,17031490901
60628,17031530503
60628,17031490902
60628,17031491400
60628,17031491100
60628,17031838800
60628,17031730700
60628,17031500200
60628,17031834000
60628,17031730500
60628,17031530600
60628,17031750100
60628,17031490600
60628,17031491300
60628,17031530400
60628,17031530502
60628,17031530300
60628,17031530501
60628,17031530100
60628,17031750600
60628,17031490700
60628,17031491200
60628,17031491000
60628,17031730100
60628,17031500300
60628,17031530200
60628,17031500100
60628,17031490800
60628,17031730600
60628,17031730400
60629,17031650500
60629,17031620400
60629,17031820901
60629,17031640100
60629,17031835100
60629,17031835000
60629,17031660800
60629,17031660400
60629,17031650301
60629,17031820902
60629,17031700200
60629,17031630900
60629,17031660301
60629,17031650200
60629,17031650400
60629,17031660900
60629,17031700100
60629,17031650100
60629,17031660500
60629,17031661100
60629,17031630800
60629,17031640800
60629,17031660600
60629,17031650302
60629,17031660302
60629,17031661000
60629,17031620300
60630,17031130200
60630,17031140400
60630,17031140500
60630,17031110300
60630,17031110501
60630,17031150502
60630,17031160100
60630,17031150200
60630,17031160200
60630,17031110100
60630,17031150401
60630,17031150300
60630,17031100700
60630,17031831800
60630,17031140601
60630,17031831700
60630,17031100600
60630,17031120400
60630,17031140301
60630,17031110502
60630,17031140302
60630,17031150501
60630,17031110400
60630,17031110200
60631,17031090300
60631,17031760801
60631,17031100300
60631,17031808100
60631,17031100200
60631,17031100400
60631,17031100500
60631,17031810400
60631,17031805502
60631,17031090200
60631,17031090100
60632,17031560100
60632,17031630300
60632,17031580600
60632,17031580200
60632,17031560400
60632,17031630800
60632,17031835100
60632,17031580100
60632,17031620100
60632,17031620200
60632,17031580501
60632,17031570300
60632,17031840300
60632,17031570200
60632,17031630200
60632,17031620400
60632,17031580502
60632,17031580400
60632,17031570500
60632,17031835200
60632,17031570100
60632,17031842800
60632,17031830500
60632,17031980100
60632,17031560200
60632,17031580300
60632,17031630500
60632,17031570400
60632,17031620300
60632,17031580700
60632,17031630900
60632,17031630400
60632,17031580800
60633,17031550100
60633,17031550200
60633,17031838800
60633,17031825700
60634,17031151100
60634,17031171100
60634,17031150502
60634,17031170800
60634,17031170900
60634,17031831500
60634,17031150501
60634,17031760802
60634,17031150600
60634,17031180100
60634,17031170400
60634,17031170700
60634,17031171000
60634,17031170300
60634,17031170100
60634,17031190401
60634,17031810502
60634,17031170600
60634,17031150401
60634,17031190300
60634,17031810600
60634,17031190402
60634,17031170500
60634,17031150402
60634,17031150700
60634,17031150300
60634,17031151200
60634,17031170200
60636,17031670100
60636,17031670900
60636,17031671900
60636,17031671600
60636,17031660700
60636,17031671200
60636,17031661000
60636,17031660900
60636,17031681100
60636,17031660600
60636,17031835000
60636,17031834900
60636,17031671800
60636,17031672000
60636,17031670300
60636,17031671300
60636,17031670500
60636,17031681400
60636,17031835100
60636,17031670600
60636,17031671100
60636,17031680500
60636,17031681000
60636,17031670200
60636,17031670700
60636,17031671400
60636,17031670800
60636,17031670400
60636,17031671500
60636,17031680600
60636,17031660800
60637,17031834400
60637,17031420600
60637,17031400300
60637,17031400400
60637,17031410800
60637,17031420400
60637,17031420100
60637,17031420800
60637,17031400800
60637,17031690500
60637,17031411000
60637,17031842500
60637,17031841800
60637,17031420500
60637,17031420300
60637,17031430300
60637,17031421200
60637,17031843900
60637,17031420200
60637,17031690400
60637,17031411200
60637,17031400500
60637,17031836200
60637,17031420700
60637,17031411100
60637,17031834500
60638,17031820502
60638,17031640800
60638,17031640300
60638,17031640700
60638,17031561000
60638,17031561100
60638,17031835200
60638,17031560800
60638,17031980100
60638,17031640500
60638,17031820901
60638,17031560900
60638,17031560700
60638,17031820902
60638,17031560200
60638,17031820800
60638,17031640600
60638,17031640400
60638,17031560300
60639,17031831500
60639,17031191301
60639,17031250500
60639,17031191302
60639,17031200300
60639,17031250300
60639,17031831200
60639,17031250700
60639,17031190401
60639,17031250600
60639,17031191000
60639,17031230600
60639,17031210400
60639,17031200402
60639,17031191200
60639,17031200401
60639,17031190900
60639,17031831300
60639,17031190800
60639,17031220901
60639,17031200200
60639,17031190601
60639,17031190300
60639,17031190100
60639,17031190200
60639,17031220902
60639,17031190701
60639,17031250800
60639,17031200100
60639,17031812100
60639,17031220702
60639,17031230500
60639,17031250400
60639,17031250200
60639,17031190402
60639,17031230400
60639,17031191100
60639,17031190702
60639,17031190602
60640,17031040402
60640,17031031000
60640,17031031502
60640,17031031900
60640,17031031800
60640,17031031700
60640,17031031100
60640,17031030900
60640,17031031400
60640,17031031501
60640,17031030703
60640,17031830800
60640,17031031300
60640,17031830700
60640,17031030800
60640,17031030701
60640,17031031200
60640,17031030702
60640,17031040100
60640,17031030706
60641,17031160300
60641,17031200100
60641,17031190200
60641,17031161000
60641,17031150800
60641,17031160100
60641,17031210501
60641,17031831700
60641,17031160900
60641,17031161300
60641,17031161200
60641,17031150300
60641,17031160400
60641,17031150200
60641,17031190100
60641,17031151100
60641,17031151002
60641,17031161100
60641,17031160200
60641,17031831100
60641,17031190300
60641,17031210502
60641,17031140500
60641,17031151001
60641,17031150700
60641,17031210400
60642,17031832300
60642,17031243500
60642,17031842200
60642,17031242000
60642,17031243400
60642,17031243300
60642,17031241600
60642,17031842300
60642,17031832600
60643,17031530400
60643,17031720300
60643,17031720200
60643,17031821200
60643,17031750400
60643,17031750100
60643,17031750600
60643,17031530503
60643,17031730201
60643,17031750300
60643,17031730202
60643,17031720600
60643,17031530300
60643,17031720100
60643,17031720500
60643,17031720700
60643,17031750500
60643,17031750200
60643,17031720400
60643,17031730600
60643,17031730400
60643,17031730700
60644,17031252102
60644,17031251500
60644,17031831400
60644,17031252101
60644,17031251400
60644,17031252202
60644,17031251800
60644,17031252201
60644,17031251700
60644,17031251600
60644,17031813302
60644,17031251900
60644,17031252000
60645,17031020200
60645,17031020500
60645,17031020301
60645,17031020702
60645,17031020400
60645,17031020302
60645,17031020802
60645,17031020602
60645,17031010201
60645,17031020100
60645,17031010701
60645,17031020601
60646,17031100100
60646,17031130100
60646,17031100200
60646,17031120200
60646,17031120100
60646,17031100300
60646,17031807800
60646,17031130200
60646,17031120300
60646,17031110100
60646,17031808002
60646,17031120400
60646,17031110200
60647,17031221200
60647,17031222800
60647,17031240600
60647,17031222600
60647,17031230200
60647,17031210602
60647,17031230700
60647,17031220602
60647,17031220300
60647,17031221400
60647,17031221500
60647,17031070700
60647,17031210502
60647,17031832200
60647,17031230400
60647,17031220901
60647,17031220601
60647,17031210900
60647,17031221600
60647,17031220902
60647,17031240800
60647,17031830900
60647,17031220500
60647,17031222200
60647,17031241000
60647,17031051400
60647,17031230900
60647,17031221300
60647,17031222700
60647,17031222900
60647,17031831000
60647,17031832400
60647,17031220702
60647,17031220701
60647,17031241400
60647,17031230800
60647,17031230300
60647,17031240300
60647,17031210800
60647,17031241100
60647,17031220400
60647,17031240700
60647,17031222500
60647,17031221100
60647,17031241300
60647,17031210700
60647,17031240500
60647,17031831200
60647,17031230100
60647,17031241200
60647,17031221000
60647,17031200402
60649,17031430200
60649,17031431200
60649,17031460500
60649,17031430101
60649,17031843900
60649,17031430500
60649,17031430700
60649,17031460100
60649,17031430800
60649,17031430600
60649,17031460302
60649,17031431302
60649,17031431400
60649,17031431301
60649,17031460400
60649,17031834200
60649,17031430400
60649,17031430300
60649,17031430102
60649,17031430900
60651,17031250700
60651,17031231500
60651,17031842100
60651,17031251100
60651,17031231100
60651,17031250800
60651,17031251500
60651,17031836700
60651,17031230900
60651,17031251000
60651,17031836600
60651,17031831300
60651,17031251300
60651,17031230800
60651,17031240900
60651,17031251700
60651,17031251400
60651,17031251600
60651,17031250600
60651,17031251200
60651,17031230700
60651,17031231200
60651,17031230600
60652,17031650500
60652,17031700401
60652,17031700502
60652,17031700200
60652,17031700100
60652,17031700402
60652,17031700301
60652,17031700302
60652,17031700501
60653,17031390400
60653,17031381400
60653,17031380700
60653,17031835900
60653,17031390100
60653,17031836500
60653,17031381500
60653,17031360200
60653,17031380200
60653,17031351100
60653,17031390500
60653,17031380100
60653,17031836000
60653,17031390600
60653,17031836400
60653,17031390200
60653,17031390300
60653,17031835800
60653,17031381200
60653,17031843600
60653,17031351400
60653,17031839600
60654,17031842300
60654,17031081900
60654,17031243500
60654,17031081600
60654,17031081100
60654,17031081800
60654,17031081500
60654,17031081700
60654,17031280100
60654,17031842200
60654,17031081000
60655,17031740100
60655,17031720400
60655,17031823304
60655,17031720500
60655,17031750400
60655,17031740300
60655,17031740400
60655,17031740200
60655,17031750300
60656,17031100500
60656,17031100700
60656,17031770902
60656,17031810400
60656,17031100600
60656,17031760802
60656,17031760801
60656,17031100300
60656,17031770700
60656,17031760803
60657,17031063302
60657,17031062200
60657,17031063100
60657,17031062300
60657,17031063301
60657,17031062800
60657,17031062600
60657,17031832000
60657,17031062700
60657,17031061902
60657,17031062900
60657,17031061500
60657,17031051300
60657,17031063200
60657,17031063303
60657,17031050600
60657,17031062500
60657,17031063000
60657,17031063400
60657,17031050700
60657,17031061800
60657,17031061901
60657,17031831900
60657,17031062000
60657,17031062100
60657,17031051200
60657,17031062400
60657,17031060900
60659,17031020602
60659,17031120300
60659,17031130100
60659,17031020701
60659,17031020902
60659,17031130300
60659,17031020901
60659,17031020500
60659,17031040202
60659,17031040100
60659,17031020601
60659,17031020702
60659,17031020801
60659,17031020802
60660,17031030706
60660,17031030604
60660,17031030200
60660,17031030101
60660,17031030500
60660,17031030900
60660,17031040100
60660,17031020902
60660,17031830600
60660,17031030701
60660,17031030104
60660,17031030300
60660,17031030400
60660,17031010503
60660,17031020500
60660,17031010600
60660,17031030103
60660,17031010400
60660,17031030601
60660,17031030800
60660,17031030102
60660,17031030603
60661,17031280100
60661,17031833000
60661,17031842300
60661,17031281900
60661,17031833100
60666,17031980000
60666,17031770602
60668,17031330200
60669,17031841900
60670,17031839100
60673,17031839100
60674,17031839100
60675,17031839100
60677,17031839100
60678,17031839100
60681,17031320100
60682,17031841900
60684,17031839100
60685,17031320400
60686,17031280800
60687,17031320400
60688,17031980000
60689,17031841900
60690,17031839100
60693,17031839100
60694,17031839100
60695,17031841900
60697,17031839100
60699,17031841900
60701,17031980000
60706,17031770901
60706,17031810600
60706,17031760803
60706,17031100500
60706,17031770902
60706,17031150501
60706,17031810502
60706,17031810501
60706,17031170100
60707,17031831500
60707,17031250500
60707,17031810701
60707,17031170900
60707,17031811000
60707,17031810800
60707,17031180100
60707,17031810702
60707,17031811100
60707,17031810900
60707,17031831600
60712,17031807900
60712,17031807600
60712,17031808001
60712,17031808002
60714,17031805201
60714,17031805902
60714,17031806003
60714,17031808301
60714,17031120100
60714,17031805401
60714,17031806001
60714,17031805402
60714,17031805301
60714,17031100200
60714,17031808200
60714,17031806004
60714,17031808100
60803,17031823605
60803,17031823302
60803,17031823400
60803,17031823304
60803,17031823200
60803,17031823303
60804,17031813701
60804,17031813302
60804,17031814300
60804,17031813600
60804,17031814100
60804,17031814400
60804,17031813801
60804,17031813900
60804,17031814200
60804,17031813500
60804,17031813400
60804,17031814500
60804,17031814000
60804,17031560100
60804,17031813802
60804,17031820700
60804,17031813301
60804,17031813702
60805,17031821600
60805,17031821800
60805,17031821700
60805,17031821900
60827,17031821402
60827,17031821200
60827,17031826700
60827,17031826800
60827,17031826401
60827,17031821401
60827,17031540101
60827,17031821500
60827,17031540102
60827,17031826600
60827,17031826500
60901,17091011600
60901,17091012300
60901,17091012100
60901,17091010400
60901,17091011300
60901,17091012200
60901,17091012600
60901,17091011700
60901,17091011500
60901,17091010300
60901,17091012500
60901,17091011400
60901,17091011200
60901,17091010702
60901,17091012400
60901,17091010800
60910,17091011200
60910,17091011300
60911,17075950300
60911,17075950200
60911,17053961600
60912,17075950100
60913,17091010400
60913,17091012600
60913,17091010300
60914,17091010800
60914,17091012000
60914,17091010702
60914,17091010202
60914,17091011800
60914,17091010201
60914,17091010602
60914,17091010601
60914,17091010701
60914,17091010500
60915,17091011900
60915,17091012000
60915,17091010500
60915,17091010702
60915,17091011800
60917,17053961600
60917,17091012600
60917,17091010300
60917,17105960200
60918,17075950700
60918,17053961700
60918,17075950800
60919,17105960200
60919,17053961600
60919,17091010300
60920,17105960200
60921,17053961600
60921,17105961000
60921,17105960900
60922,17091012600
60922,17075950200
60922,17091012500
60924,17075950800
60924,17075950700
60926,17075950800
60927,17075950200
60927,17075950300
60927,17053961600
60928,17075950800
60928,17075950300
60929,17053961600
60929,17105960200
60929,17105960900
60930,17075950300
60931,17075950100
60932,17183010100
60933,17053961700
60934,17105960200
60935,17091010300
60935,17197884004
60936,17053962000
60936,17019010500
60936,17113005602
60936,17053961700
60936,17053961900
60938,17075950800
60938,17075950600
60938,17075950300
60938,17075950700
60939,17075950800
60940,17091010100
60940,17091010800
60940,17197883903
60940,17091010900
60940,17197883902
60941,17091012600
60941,17053961600
60941,17091010300
60941,17075950200
60942,17183010100
60942,17075950800
60942,17075950900
60942,17183010200
60944,17091011000
60945,17075950100
60946,17105960200
60946,17053961600
60948,17075950700
60948,17075950800
60948,17053961700
60949,17019010400
60949,17053961700
60950,17091010701
60950,17197884006
60950,17091010500
60950,17091010201
60950,17091010800
60950,17197883904
60950,17197883304
60950,17091010202
60950,17091010100
60951,17075950200
60951,17075950300
60951,17075950100
60952,17053961900
60952,17053961700
60952,17105961000
60953,17075950500
60953,17075950800
60953,17075950900
60954,17091011100
60954,17091010900
60954,17091010800
60954,17091010100
60954,17091011000
60955,17075950600
60955,17075950800
60955,17075950700
60955,17053961600
60956,17075950100
60957,17053961900
60957,17019010500
60957,17053961800
60957,17019010400
60957,17053961700
60958,17091011000
60958,17091011100
60959,17105960900
60959,17105960200
60959,17053961600
60960,17019010400
60960,17183010100
60960,17053961700
60960,17075950800
60961,17091010300
60961,17105960200
60961,17063000900
60962,17105961000
60962,17053961900
60962,17053961700
60962,17053961600
60963,17183010100
60963,17183010300
60964,17075950200
60964,17091011000
60964,17075950100
60964,17091011300
60964,17091010800
60964,17091011100
60964,17091011200
60966,17075950100
60966,17075950500
60966,17075950900
60967,17075950900
60968,17075950700
60968,17053961600
60968,17053961700
60969,17091010300
60970,17075950400
60970,17075950300
60970,17075950100
60970,17075950800
60970,17075950500
60973,17075950900
60974,17075950500